Nom,Lien,Distance (km),Type voie,Énergie produite annuelle (kWh / m2 de panneau),10% Couverture (Km),25% Couverture (Km),50% Couverture (Km),Production 10% Couverture (kWh),Production 25% Couverture (kWh),Production 50% Couverture (kWh)
Voie Verte du Chemin d’Encochebérot,https://www.af3v.org/les-voies-vertes/voies/1276-voie-verte-du-chemin-d-encocheberot,1.6,Voie verte lisse,246.32,0.16,0.4,0.8,169.47,423.67,847.34
Voie Verte du canal de Saint-Martory,https://www.af3v.org/les-voies-vertes/voies/1246-voie-verte-du-canal-de-saint-martory,2.1,Voie verte lisse,242.65,0.21,0.52,1.05,219.11,542.57,1095.56
Voie Verte de la Masse Pont-du-Casse-Agen,https://www.af3v.org/les-voies-vertes/voies/1136-voie-verte-de-la-masse-pont-du-casse-agen,2.3,Voie verte lisse,273.37,0.23,0.57,1.15,270.36,670.03,1351.81
Voie Verte des trois ponts Castelnau d’Estrétefonds,https://www.af3v.org/les-voies-vertes/voies/1278-voie-verte-des-trois-ponts-castelnau-d-estretefonds,3.2,Voie verte lisse,244.18,0.32,0.8,1.6,335.99,839.98,1679.96
Voie Verte des Berges de l'Ill à Mulhouse,https://www.af3v.org/les-voies-vertes/voies/132-voie-verte-des-berges-de-l-ill-a-mulhouse,3.3,Voie verte lisse,249.67,0.33,0.82,1.65,354.28,880.34,1771.41
Voie Verte Saint-Dizier à Chancenay,https://www.af3v.org/les-voies-vertes/voies/300-voie-verte-saint-dizier-a-chancenay,3.6,Voie verte lisse,276.71,0.36,0.9,1.8,428.35,1070.87,2141.74
Voie Verte de l'estuaire à Talais,https://www.af3v.org/les-voies-vertes/voies/336-voie-verte-de-l-estuaire-a-talais,3.8,Voie verte lisse,275.82,0.38,0.95,1.9,450.69,1126.72,2253.45
Voie Verte de Colayrac-Saint-Cirq à Brax,https://www.af3v.org/les-voies-vertes/voies/1248-voie-verte-de-colayrac-saint-cirq-a-brax,3.8,Voie verte lisse,273.68,0.38,0.95,1.9,447.19,1117.98,2235.97
Voie Verte des Berges de la Garonne Agen-Boé,https://www.af3v.org/les-voies-vertes/voies/1095-voie-verte-des-berges-de-la-garonne-agen-boe,3.9,Voie verte lisse,272.48,0.39,0.98,1.95,456.95,1148.23,2284.74
VL x - Voies Lyonnaises,https://www.af3v.org/les-voies-vertes/voies/1290-voies-lyonnaises,4.4,Voie verte lisse,255.75,0.44,1.1,2.2,483.88,1209.7,2419.4
V86 - Voie Verte de Boisse-Penchot à Bouillac (La Vallée du Lot à vélo V86),https://www.af3v.org/les-voies-vertes/voies/487-voie-verte-de-boisse-penchot-a-bouillac-la-vallee-du-lot-a-velo-v86,4.6,Voie verte lisse,248.14,0.46,1.15,2.3,490.82,1227.05,2454.1
Voie Verte de la Chalouette,https://www.af3v.org/les-voies-vertes/voies/251-voie-verte-de-la-chalouette,4.8,Voie verte lisse,274.6,0.48,1.2,2.4,566.77,1416.94,2833.87
Voie Verte de la vallée du Lot Douelle-Mercuès,https://www.af3v.org/les-voies-vertes/voies/28-voie-verte-de-la-vallee-du-lot-douelle-mercues,5.0,Voie verte lisse,269.74,0.5,1.25,2.5,579.94,1449.85,2899.7
D1215 - Voie Verte de Talais (D1215) à l'Océan,https://www.af3v.org/les-voies-vertes/voies/337-voie-verte-de-talais-d1215-a-l-ocean,5.1,Voie verte lisse,275.82,0.51,1.27,2.55,604.87,1506.25,3024.37
"EV5-V32 - Via Romea Francigena / Véloroute Lille-Paris, de Angres à Lens",https://www.af3v.org/les-voies-vertes/voies/710-via-romea-francigena-veloroute-lille-paris-de-angres-a-lens,5.2,Voie verte lisse,267.31,0.52,1.3,2.6,597.71,1494.26,2988.53
Voie de Lexos,https://www.af3v.org/les-voies-vertes/voies/391-voie-de-lexos,5.2,Voie verte lisse,252.4,0.52,1.3,2.6,564.37,1410.92,2821.83
RD600 - Voie Verte Le Tacot (RD 600),https://www.af3v.org/les-voies-vertes/voies/202-voie-verte-le-tacot-rd-600,5.8,Voie verte lisse,252.7,0.58,1.45,2.9,630.23,1575.58,3151.17
Voie Verte des Bois Francs,https://www.af3v.org/les-voies-vertes/voies/378-voie-verte-des-bois-francs,6.1,Voie verte lisse,270.65,0.61,1.52,3.05,709.91,1768.97,3549.57
Voie Verte de l’Ennemane,https://www.af3v.org/les-voies-vertes/voies/517-voie-verte-de-l-ennemane,6.1,Voie verte lisse,268.53,0.61,1.52,3.05,704.35,1755.11,3521.77
Voie Verte Boucle de la Moselle tronçon 2,https://www.af3v.org/les-voies-vertes/voies/30-voie-verte-boucle-de-la-moselle-troncon-2,6.1,Voie verte lisse,258.49,0.61,1.52,3.05,678.02,1689.49,3390.1
V86 - Voie Verte de Flagnac à Bouquiès (La Vallée du Lot à vélo V86),https://www.af3v.org/les-voies-vertes/voies/551-voie-verte-de-flagnac-a-bouquies-la-vallee-du-lot-a-velo-v86,6.6,Voie verte lisse,248.14,0.66,1.65,3.3,704.22,1760.55,3521.11
Voie Verte de Toulouse à Portet par les bords de la Garonne (V83),https://www.af3v.org/les-voies-vertes/voies/452-voie-verte-de-toulouse-a-portet-par-les-bords-de-la-garonne-v83,6.6,Voie verte lisse,240.82,0.66,1.65,3.3,683.45,1708.62,3417.24
EV3 - La Scandibérique  / V56,https://www.af3v.org/les-voies-vertes/voies/756-ev3-la-scandiberique-v56-voie-verte-le-nizan-la-gare-bazas-d809,6.8,Voie verte lisse,274.29,0.68,1.7,3.4,802.02,2005.06,4010.12
EV1 - Voie Verte Le Chemin de la Baie à Hendaye (EV1 Vélodyssée),https://www.af3v.org/les-voies-vertes/voies/428-voie-verte-le-chemin-de-la-baie-a-hendaye-ev1-velodyssee,6.8,Voie verte lisse,271.85,0.68,1.7,3.4,794.89,1987.22,3974.45
V 3004 - Voie Verte de l'Espiguette,https://www.af3v.org/les-voies-vertes/voies/388-voie-verte-de-l-espiguette,7.0,Voie verte lisse,254.22,0.7,1.75,3.5,765.2,1913.01,3826.01
Voie Verte de Seignosse-Océan à Tosse,https://www.af3v.org/les-voies-vertes/voies/528-voie-verte-de-seignosse-ocean-a-tosse,7.0,Voie verte lisse,271.26,0.7,1.75,3.5,816.49,2041.23,4082.46
Voie Verte de la vallée de la Bièvre,https://www.af3v.org/les-voies-vertes/voies/117-voie-verte-de-la-vallee-de-la-bievre,7.1,Voie verte lisse,255.76,0.71,1.78,3.55,780.84,1957.59,3904.18
Voie verte de la Leysse et des Planeurs,https://www.af3v.org/les-voies-vertes/voies/535-voie-verte-de-la-leysse-et-des-planeurs,7.1,Voie verte lisse,251.18,0.71,1.78,3.55,766.85,1922.53,3834.26
Voie Verte de Saint-Julien-en-Born à Contis-Plage,https://www.af3v.org/les-voies-vertes/voies/264-voie-verte-de-saint-julien-en-born-a-contis-plage,7.3,Voie verte lisse,272.47,0.73,1.82,3.65,855.28,2132.35,4276.42
Itinéraire des Berges de la Rosselle,https://www.af3v.org/les-voies-vertes/voies/982-itineraire-des-berges-de-la-rosselle,7.3,Voie verte lisse,263.96,0.73,1.82,3.65,828.57,2065.75,4142.85
Voie Verte Sarreguemines-Bliesbruck,https://www.af3v.org/les-voies-vertes/voies/207-voie-verte-sarreguemines-bliesbruck,7.4,Voie verte lisse,255.12,0.74,1.85,3.7,811.79,2029.48,4058.96
Voie Verte Boucle de la Moselle tronçon 3,https://www.af3v.org/les-voies-vertes/voies/31-voie-verte-boucle-de-la-moselle-troncon-3,7.5,Voie verte lisse,256.97,0.75,1.88,3.75,828.73,2077.35,4143.64
Liaison Bart - St-Julien-lès-Montbéliard,https://www.af3v.org/les-voies-vertes/voies/913-liaison-bart-st-julien-les-montbeliard,7.5,Voie verte lisse,254.53,0.75,1.88,3.75,820.86,2057.62,4104.3
Véloroute-Voie Verte Jurançon-Gan,https://www.af3v.org/les-voies-vertes/voies/1149-veloroute-voie-verte-jurancon-gan,7.6,Voie verte lisse,270.65,0.76,1.9,3.8,884.48,2211.21,4422.42
Piste Les Essarts-le-Roi à Senlisse,https://www.af3v.org/les-voies-vertes/voies/234-piste-les-essarts-le-roi-a-senlisse,7.7,Voie verte lisse,271.56,0.77,1.92,3.85,899.14,2242.0,4495.68
Voie Verte Sarreguemines-Hambach,https://www.af3v.org/les-voies-vertes/voies/206-voie-verte-sarreguemines-hambach,7.7,Voie verte lisse,255.73,0.77,1.92,3.85,846.72,2111.31,4233.61
V75 - Véloroute Montluçon - Diou / Voie Verte de Dompierre-sur-Besbre à Diou,https://www.af3v.org/les-voies-vertes/voies/881-v75-veloroute-montlucon-diou-voie-verte-de-dompierre-sur-besbre-a-diou,7.8,Voie verte lisse,248.76,0.78,1.95,3.9,834.34,2085.85,4171.71
"V16 / V32 / V33 - V16 / V32 / V33 / Voie verte du canal de Saint-Denis, de St-Denis à La Villette",https://www.af3v.org/les-voies-vertes/voies/182-v16-v32-v33-voie-verte-du-canal-de-saint-denis-de-st-denis-a-la-villette,7.8,Voie verte lisse,271.26,0.78,1.95,3.9,909.81,2274.52,4549.03
Voie Verte Cahors - Arcambal (V86/V87),https://www.af3v.org/les-voies-vertes/voies/1282-voie-verte-cahors-arcambal-v86-v87,8.3,Voie verte lisse,265.77,0.83,2.08,4.15,948.53,2377.05,4742.67
Voie Verte de Vendays-Montalivet à Montalivet-les-Bains,https://www.af3v.org/les-voies-vertes/voies/328-voie-verte-de-vendays-montalivet-a-montalivet-les-bains,8.3,Voie verte lisse,275.82,0.83,2.08,4.15,984.4,2466.93,4922.01
Piste cyclable Auch-Aubiet,https://www.af3v.org/les-voies-vertes/voies/1251-piste-cyclable-auch-aubiet,8.3,Voie verte lisse,267.91,0.83,2.08,4.15,956.17,2396.19,4780.85
Liaison Krautergersheim - Rosheim,https://www.af3v.org/les-voies-vertes/voies/782-liaison-krautergersheim-rosheim,8.4,Voie verte lisse,249.36,0.84,2.1,4.2,900.69,2251.72,4503.44
Voie Verte de la vallée de l'Hers,https://www.af3v.org/les-voies-vertes/voies/2-voie-verte-de-la-vallee-de-l-hers,8.4,Voie verte lisse,240.83,0.84,2.1,4.2,869.88,2174.69,4349.39
V32 - Lille - Paris / Trans'Oise de Therdonne à Hermes,https://www.af3v.org/les-voies-vertes/voies/400-v32-lille-paris-trans-oise-de-therdonne-a-hermes,8.6,Voie verte lisse,268.81,0.86,2.15,4.3,994.06,2485.15,4970.3
Liaison cyclable Belfort - Malsaucy,https://www.af3v.org/les-voies-vertes/voies/134-liaison-cyclable-belfort-malsaucy,8.6,Voie verte lisse,253.01,0.86,2.15,4.3,935.63,2339.08,4678.15
Voie Verte en Villeneuvois (V86),https://www.af3v.org/les-voies-vertes/voies/320-voie-verte-en-villeneuvois-v86,8.8,Voie verte lisse,273.37,0.88,2.2,4.4,1034.43,2586.08,5172.16
Voie Verte de Paladru,https://www.af3v.org/les-voies-vertes/voies/530-voie-verte-de-paladru,9.0,Voie verte lisse,252.41,0.9,2.25,4.5,976.83,2442.07,4884.13
V830 - Voie Verte de Sète à Balaruc-le-Vieux,https://www.af3v.org/les-voies-vertes/voies/647-voie-verte-de-sete-a-balaruc-le-vieux,9.0,Voie verte lisse,247.84,0.9,2.25,4.5,959.14,2397.85,4795.7
Voie Verte de la Haute Meurthe,https://www.af3v.org/les-voies-vertes/voies/316-voie-verte-de-la-haute-meurthe,9.1,Voie verte lisse,255.74,0.91,2.28,4.55,1000.71,2507.27,5003.55
Voie Verte de Strasbourg à La Wantzenau,https://www.af3v.org/les-voies-vertes/voies/47-voie-verte-de-strasbourg-a-la-wantzenau,9.2,Voie verte lisse,259.09,0.92,2.3,4.6,1024.96,2562.4,5124.8
"EV3 - Scandibérique / Trans'Oise, de Compiègne à Lacroix-St-Ouen",https://www.af3v.org/les-voies-vertes/voies/415-ev3-scandiberique-trans-oise-de-compiegne-a-lacroix-st-ouen,9.3,Voie verte lisse,270.02,0.93,2.33,4.65,1079.81,2705.33,5399.05
"Piste cyclable de l'ARC, de la Clairière de l'Armistice à Compiègne",https://www.af3v.org/les-voies-vertes/voies/216-piste-cyclable-de-l-arc-de-la-clairiere-de-l-armistice-a-compiegne,9.5,Voie verte lisse,270.02,0.95,2.38,4.75,1103.03,2763.38,5515.16
Voie Verte des Kaolins,https://www.af3v.org/les-voies-vertes/voies/531-voie-verte-des-kaolins,10.1,Voie verte lisse,256.37,1.01,2.52,5.05,1113.41,2778.03,5567.07
"EV6 - de l'Atlantique à la Mer Noire, de Cuffy (pont de Guétin) à Nevers",https://www.af3v.org/les-voies-vertes/voies/149-ev6-de-l-atlantique-a-la-mer-noire-de-cuffy-pont-de-guetin-a-nevers,10.3,Voie verte lisse,279.47,1.03,2.58,5.15,1237.77,3100.44,6188.86
Piste du Vignac,https://www.af3v.org/les-voies-vertes/voies/263-piste-du-vignac,10.3,Voie verte lisse,272.77,1.03,2.58,5.15,1208.1,3026.11,6040.49
Voie Verte Itinéraire Airbus A380 tronçon de l'Isle-Jourdain,https://www.af3v.org/les-voies-vertes/voies/89-voie-verte-itineraire-airbus-a380-troncon-de-l-isle-jourdain,10.4,Voie verte lisse,246.32,1.04,2.6,5.2,1101.54,2753.86,5507.72
Voie Verte Portes Bonheur - Chemin des Carrières,https://www.af3v.org/les-voies-vertes/voies/760-voie-verte-portes-bonheur-chemin-des-carrieres,10.4,Voie verte lisse,251.48,1.04,2.6,5.2,1124.62,2811.55,5623.09
Véloroute - Voie Verte de l'Adour Maritime,https://www.af3v.org/les-voies-vertes/voies/450-veloroute-voie-verte-de-l-adour-maritime,10.5,Voie verte lisse,271.26,1.05,2.62,5.25,1224.74,3056.02,6123.69
Voies du Plan Vert de Chartres,https://www.af3v.org/les-voies-vertes/voies/339-voies-du-plan-vert-de-chartres,10.5,Voie verte lisse,271.58,1.05,2.62,5.25,1226.18,3059.62,6130.92
"V50 / V52 - La Voie Bleue, Moselle-Saône à vélo, de Laneuveville-devant-Nancy à Méréville / Voie Verte Boucle de la Moselle - secteur Sud-Est",https://www.af3v.org/les-voies-vertes/voies/823-la-voie-bleue-moselle-saone-a-velo-de-laneuveville-devant-nancy-a-mereville-voie-verte-boucle-de-la-moselle-secteur-sud-est,10.7,Voie verte lisse,258.17,1.07,2.68,5.35,1187.84,2975.15,5939.2
Véloroute-Voie Verte de la Vallée d’Ossau,https://www.af3v.org/les-voies-vertes/voies/1099-veloroute-voie-verte-de-la-vallee-d-ossau,10.9,Voie verte lisse,270.64,1.09,2.72,5.45,1268.49,3165.41,6342.45
V16 / V32 / V33 - de Colombes à St-Denis,https://www.af3v.org/les-voies-vertes/voies/386-v16-v32-v33-de-colombes-a-st-denis,11.0,Voie verte lisse,271.26,1.1,2.75,5.5,1283.06,3207.65,6415.3
Voie Verte du Camin d'Adour,https://www.af3v.org/les-voies-vertes/voies/187-voie-verte-du-camin-d-adour,11.1,Voie verte lisse,270.04,1.11,2.78,5.55,1288.9,3228.06,6444.5
"EV8 - La Vélittorale, de Le Barcarès à Canet-plage",https://www.af3v.org/les-voies-vertes/voies/376-la-velittorale-ev8-de-le-barcares-a-canet-plage,11.4,Voie verte lisse,246.92,1.14,2.85,5.7,1210.4,3026.0,6052.01
Voie Verte Petiville - Villequier,https://www.af3v.org/les-voies-vertes/voies/42-voie-verte-petiville-villequier,11.4,Voie verte lisse,269.44,1.14,2.85,5.7,1320.79,3301.99,6603.97
Voie Verte de la Vallée de la Charentonne (Bernay - Broglie),https://www.af3v.org/les-voies-vertes/voies/167-voie-verte-de-la-vallee-de-la-charentonne-bernay-broglie,11.5,Voie verte lisse,269.12,1.15,2.88,5.75,1330.8,3332.78,6653.99
Voie Verte du canal de Montech (Canal des 2 mers à vélo V80 et La Vagabonde V87),https://www.af3v.org/les-voies-vertes/voies/421-voie-verte-du-canal-de-montech-canal-des-2-mers-a-velo-v80-et-la-vagabonde-v87,11.6,Voie verte lisse,252.09,1.16,2.9,5.8,1257.42,3143.56,6287.12
EV6 / V51 - Voie Verte de Bourbon-Lancy à Diou,https://www.af3v.org/les-voies-vertes/voies/194-ev6-v51-voie-verte-de-bourbon-lancy-a-diou,11.8,Voie verte lisse,250.27,1.18,2.95,5.9,1269.87,3174.67,6349.35
"EV6 - de l'Atlantique à la Mer Noire / La Loire à vélo, de Savigny-en-Véron à Huismes",https://www.af3v.org/les-voies-vertes/voies/634-ev6-de-l-atlantique-a-la-mer-noire-la-loire-a-velo-de-savigny-en-veron-a-huismes,11.8,Voie verte lisse,272.47,1.18,2.95,5.9,1382.51,3456.28,6912.56
EV6 / V51 - Voie Verte Digoin - Paray-le-Monial,https://www.af3v.org/les-voies-vertes/voies/118-ev6-v51-voie-verte-digoin-paray-le-monial,11.8,Voie verte lisse,249.07,1.18,2.95,5.9,1263.78,3159.45,6318.91
Piste cyclable La Barque - Trets,https://www.af3v.org/les-voies-vertes/voies/318-piste-cyclable-la-barque-trets,11.9,Voie verte lisse,258.17,1.19,2.98,5.95,1321.06,3308.19,6605.28
Voie Verte de Sainte-Livrade-sur-Lot à Le Temple-sur-Lot (V86),https://www.af3v.org/les-voies-vertes/voies/464-voie-verte-de-sainte-livrade-sur-lot-a-le-temple-sur-lot-v86,12.0,Voie verte lisse,273.68,1.2,3.0,6.0,1412.19,3530.47,7060.94
La Littorale de Montredon-des-Corbières à Névian,https://www.af3v.org/les-voies-vertes/voies/374-la-littorale-de-montredon-des-corbieres-a-nevian,12.2,Voie verte lisse,242.05,1.22,3.05,6.1,1269.79,3174.49,6348.97
Voie Verte de la Nive,https://www.af3v.org/les-voies-vertes/voies/72-voie-verte-de-la-nive,12.4,Voie verte lisse,270.35,1.24,3.1,6.2,1441.51,3603.77,7207.53
Voie Verte du canal latéral à la Marne,https://www.af3v.org/les-voies-vertes/voies/325-voie-verte-du-canal-lateral-a-la-marne,12.5,Voie verte lisse,270.35,1.25,3.12,6.25,1453.13,3627.02,7265.66
"EV5 - Via Romea Francigena / Voie Verte du Canal de la Sarre, de Grosbliederstroff à Sarreguemines",https://www.af3v.org/les-voies-vertes/voies/698-ev5-via-romea-francigena-voie-verte-du-canal-de-la-sarre-de-grosbliederstroff-a-sarreguemines,12.6,Voie verte lisse,256.34,1.26,3.15,6.3,1388.85,3472.13,6944.25
La trace du Courlis,https://www.af3v.org/les-voies-vertes/voies/291-la-trace-du-courlis,12.8,Voie verte lisse,259.7,1.28,3.2,6.4,1429.39,3573.47,7146.94
"EV3 - Scandibérique / Trans'Oise, de Abbécourt à Sempigny (Noyon)",https://www.af3v.org/les-voies-vertes/voies/367-ev3-scandiberique-trans-oise-de-abbecourt-a-sempigny-noyon,13.1,Voie verte lisse,270.02,1.31,3.28,6.55,1521.02,3808.36,7605.11
Trans’Oise de Frétoy-le-Château à Pont-l’Evêque,https://www.af3v.org/les-voies-vertes/voies/406-trans-oise-de-fretoy-le-chateau-a-pont-l-eveque,13.2,Voie verte lisse,270.04,1.32,3.3,6.6,1532.75,3831.87,7663.74
Voie Verte des Hauts de Tardoire,https://www.af3v.org/les-voies-vertes/voies/126-voie-verte-des-hauts-de-tardoire,13.3,Voie verte lisse,273.1,1.33,3.32,6.65,1561.86,3898.78,7809.29
Piste cyclable du tramway T3 (LEA),https://www.af3v.org/les-voies-vertes/voies/323-piste-cyclable-du-tramway-t3-lea,13.3,Voie verte lisse,255.73,1.33,3.32,6.65,1462.52,3650.8,7312.6
V80 - Voie Verte Etauliers - Blaye,https://www.af3v.org/les-voies-vertes/voies/19-voie-verte-etauliers-blaye-veloroute-v80,13.4,Voie verte lisse,273.08,1.34,3.35,6.7,1573.49,3933.72,7867.43
Voie Verte de Perpignan à Ste-Marie-la-Mer,https://www.af3v.org/les-voies-vertes/voies/445-voie-verte-de-perpignan-a-ste-marie-la-mer,13.5,Voie verte lisse,246.61,1.35,3.38,6.75,1431.57,3584.23,7157.86
Voie Verte Santenay - Nolay,https://www.af3v.org/les-voies-vertes/voies/283-voie-verte-santenay-nolay,13.6,Voie verte lisse,249.36,1.36,3.4,6.8,1458.26,3645.64,7291.29
V65 - de La Ciotat à Toulon / Parcours cyclable du littoral,https://www.af3v.org/les-voies-vertes/voies/541-v65-de-la-ciotat-a-toulon-parcours-cyclable-du-littoral,13.6,Voie verte lisse,254.84,1.36,3.4,6.8,1490.3,3725.76,7451.52
Piste cyclable Montpellier Carnon,https://www.af3v.org/les-voies-vertes/voies/208-piste-cyclable-montpellier-carnon,13.7,Voie verte lisse,252.41,1.37,3.42,6.85,1486.95,3711.94,7434.74
Voie Verte TCSP Massy- Christ de Saclay,https://www.af3v.org/les-voies-vertes/voies/895-voie-verte-tcsp-massy-christ-de-saclay,13.7,Voie verte lisse,272.47,1.37,3.42,6.85,1605.12,4006.94,8025.6
Itinéraire Gilette - La Baronne,https://www.af3v.org/les-voies-vertes/voies/281-itineraire-gilette-la-baronne,13.8,Voie verte lisse,241.78,1.38,3.45,6.9,1434.72,3586.81,7173.61
Voie Verte de Molsheim à Wasselonne,https://www.af3v.org/les-voies-vertes/voies/52-voie-verte-de-molsheim-a-wasselonne,14.0,Voie verte lisse,252.71,1.4,3.5,7.0,1521.31,3803.29,7606.57
Voie Verte du Beaujolais,https://www.af3v.org/les-voies-vertes/voies/127-voie-verte-du-beaujolais,14.0,Voie verte lisse,253.31,1.4,3.5,7.0,1524.93,3812.32,7624.63
"EV5 - Via Romea Francigena / Voie Verte de la Lys, de Aire-sur-la-Lys à St-Venant",https://www.af3v.org/les-voies-vertes/voies/614-ev5-via-romea-francigena-voie-verte-de-la-lys-de-aire-sur-la-lys-a-st-venant,14.2,Voie verte lisse,267.61,1.42,3.55,7.1,1634.03,4085.07,8170.13
"EV3 - Scandibérique / Voie Verte Galope Chopine, de Reignac à Chevanceaux",https://www.af3v.org/les-voies-vertes/voies/242-scandiberique-voie-verte-galope-chopine-de-reignac-a-chevanceaux,14.4,Voie verte lisse,274.0,1.44,3.6,7.2,1696.61,4241.52,8483.04
"V43 - La Loire à vélo / VéloFrancette, de Bouchemaine à la Daguenière",https://www.af3v.org/les-voies-vertes/voies/642-la-loire-a-velo-v43-velofrancette-de-bouchemaine-a-la-dagueniere,14.8,Voie verte lisse,273.07,1.48,3.7,7.4,1737.82,4344.54,8689.09
V31 / IC42 - Véloroute du Val d'Argent,https://www.af3v.org/les-voies-vertes/voies/454-vv31-et-ic42-veloroute-du-val-d-argent,14.8,Voie verte lisse,253.0,1.48,3.7,7.4,1610.09,4025.23,8050.46
Piste des plages Bayonne-Anglet (EV1 Vélodyssée),https://www.af3v.org/les-voies-vertes/voies/175-piste-des-plages-bayonne-anglet-ev1-velodyssee,15.1,Voie verte lisse,271.26,1.51,3.78,7.55,1761.29,4409.06,8806.46
"V30 - Voie Verte du canal de la Somme, de St-Valéry/Somme à Abbeville",https://www.af3v.org/les-voies-vertes/voies/55-v30-voie-verte-du-canal-de-la-somme-de-st-valery-somme-a-abbeville,15.2,Voie verte lisse,268.51,1.52,3.8,7.6,1754.98,4387.45,8774.91
Voie Verte de Lembach à Durrenbach,https://www.af3v.org/les-voies-vertes/voies/50-voie-verte-de-lembach-a-durrenbach,15.4,Voie verte lisse,258.2,1.54,3.85,7.7,1709.8,4274.5,8549.0
"EV5 - Via Romea Francigena / Voie Verte du Canal de la Sarre, de Mittersheim à Gondrexange",https://www.af3v.org/les-voies-vertes/voies/700-ev5-via-romea-francigena-voie-verte-du-canal-de-la-sarre-de-mittersheim-a-gondrexange,15.5,Voie verte lisse,257.28,1.55,3.88,7.75,1714.77,4292.46,8573.86
Voie Verte de la vallée de l'Amezule,https://www.af3v.org/les-voies-vertes/voies/278-voie-verte-de-la-vallee-de-l-amezule,15.7,Voie verte lisse,258.18,1.57,3.92,7.85,1742.97,4351.88,8714.87
Voie Verte de Perpignan à Thuir,https://www.af3v.org/les-voies-vertes/voies/93-voie-verte-de-perpignan-a-thuir,15.7,Voie verte lisse,244.19,1.57,3.92,7.85,1648.53,4116.07,8242.63
"EV5 - Via Romea Francigena, de Guebwiller à Cernay / Véloroute du vignoble d'Alsace",https://www.af3v.org/les-voies-vertes/voies/706-ev5-via-romea-francigena-de-guebwiller-a-cernay-veloroute-du-vignoble-d-alsace,15.9,Voie verte lisse,250.27,1.59,3.98,7.95,1711.1,4283.12,8555.48
"EV15 - Véloroute du Rhin, de Lauterbourg à Seltz",https://www.af3v.org/les-voies-vertes/voies/713-ev15-veloroute-du-rhin-de-lauterbourg-a-seltz,15.9,Voie verte lisse,264.57,1.59,3.98,7.95,1808.87,4527.85,9044.33
Voie verte de la vallée du Rabodeau,https://www.af3v.org/les-voies-vertes/voies/776-voie-verte-de-la-vallee-du-rabodeau,15.9,Voie verte lisse,255.46,1.59,3.98,7.95,1746.58,4371.94,8732.9
"EV6 - Voie Verte du canal du Rhône au Rhin, de Mulhouse à Niffer",https://www.af3v.org/les-voies-vertes/voies/121-ev6-voie-verte-du-canal-du-rhone-au-rhin-de-mulhouse-a-niffer,16.2,Voie verte lisse,249.06,1.62,4.05,8.1,1734.95,4337.38,8674.76
"V81 - Véloroute du Piémont Pyrénéen, de Bayonne à Urt",https://www.af3v.org/les-voies-vertes/voies/912-veloroute-du-piemont-pyreneen-v81-de-bayonne-a-urt,16.4,Voie verte lisse,271.26,1.64,4.1,8.2,1912.93,4782.31,9564.63
"EV3 / V41 - EV3 : la Scandibérique / V41 : St-Jacques à vélo via Chartres, de Hostens à St-Symphorien",https://www.af3v.org/les-voies-vertes/voies/753-ev3-la-scandiberique-v41-st-jacques-a-velo-via-chartres-de-hostens-a-st-symphorien,16.5,Voie verte lisse,273.98,1.65,4.12,8.25,1943.89,4853.83,9719.44
"V43 - La Vélo Francette, de Ouistreham à Caen / Voie Verte Caen - Ouistreham",https://www.af3v.org/les-voies-vertes/voies/90-v43-la-velo-francette-de-ouistreham-a-caen-voie-verte-caen-ouistreham,16.5,Voie verte lisse,271.87,1.65,4.12,8.25,1928.92,4816.45,9644.59
"V409 - La Régalante, de Teillay à Chateaubriant / Voie Verte de Châteaubriant à Rougé",https://www.af3v.org/les-voies-vertes/voies/165-la-regalante-de-teillay-a-chateaubriant-voie-verte-de-chateaubriant-a-rouge,16.6,Voie verte lisse,271.55,1.66,4.15,8.3,1938.32,4845.81,9691.62
"V40 - la Véloscénie, de Massy à Paris / Coulée verte du sud parisien",https://www.af3v.org/les-voies-vertes/voies/27-v40-la-veloscenie-de-massy-a-paris-coulee-verte-du-sud-parisien,16.6,Voie verte lisse,271.88,1.66,4.15,8.3,1940.68,4851.7,9703.4
"Voie verte du Pays de l'Or, le long du canal Ph. Lamour",https://www.af3v.org/les-voies-vertes/voies/998-voie-verte-du-pays-de-l-or-le-long-du-canal-ph-lamour,16.8,Voie verte lisse,254.22,1.68,4.2,8.4,1836.49,4591.21,9182.43
"EV5 - Via Romea Francigena, de Cernay à Ensisheim / Voie Verte Les Rives de la Thur",https://www.af3v.org/les-voies-vertes/voies/707-ev5-via-romea-francigena-de-cernay-a-ensisheim-voie-verte-les-rives-de-la-thur,16.9,Voie verte lisse,249.36,1.69,4.22,8.45,1812.1,4524.89,9060.5
"EV3 - La Scandibérique / Voie Verte Mios - Bazas, de St-Symphorien à Le Nizan",https://www.af3v.org/les-voies-vertes/voies/754-ev3-la-scandiberique-voie-verte-mios-bazas-de-st-symphorien-a-le-nizan,17.0,Voie verte lisse,274.61,1.7,4.25,8.5,2007.4,5018.5,10037.0
Voie Verte des Deux Sarres,https://www.af3v.org/les-voies-vertes/voies/7-voie-verte-des-deux-sarres,17.1,Voie verte lisse,255.76,1.71,4.28,8.55,1880.6,4707.01,9403.02
"EV4 - La Vélomaritime, de Dunkerque à Bray-Dunes",https://www.af3v.org/les-voies-vertes/voies/685-ev4-la-velomaritime-de-dunkerque-a-bray-dunes,17.6,Voie verte lisse,266.71,1.76,4.4,8.8,2018.46,5046.15,10092.31
"EV5 - Via Romea Francigena, de Parc d'Olhain (Maisnil-lès-Ruitz) à Angres (intersection V32)",https://www.af3v.org/les-voies-vertes/voies/709-ev5-via-romea-francigena-de-parc-d-olhain-maisnil-les-ruitz-a-angres-intersection-v32,17.7,Voie verte lisse,267.63,1.77,4.42,8.85,2036.93,5086.58,10184.66
"EV17a - ViaRhôna, de Beaucaire à Arles",https://www.af3v.org/les-voies-vertes/voies/1145-viarhona-de-beaucaire-a-arles,17.9,Voie verte lisse,255.14,1.79,4.47,8.95,1963.81,4904.05,9819.06
"EV5 - Via Romea Francigena, de Ensisheim à Mulhouse",https://www.af3v.org/les-voies-vertes/voies/708-ev5-via-romea-francigena-de-ensisheim-a-mulhouse,18.2,Voie verte lisse,249.67,1.82,4.55,9.1,1953.92,4884.79,9769.59
Coulée verte du canal (de Belfort à Montbéliard),https://www.af3v.org/les-voies-vertes/voies/128-coulee-verte-du-canal-de-belfort-a-montbeliard,18.2,Voie verte lisse,252.71,1.82,4.55,9.1,1977.71,4944.27,9888.54
EV6 - de l'Atlantique à la Mer Noire / Loire à vélo / Voie Verte de Villandry à Tours,https://www.af3v.org/les-voies-vertes/voies/125-ev6-de-l-atlantique-a-la-mer-noire-loire-a-velo-voie-verte-de-villandry-a-tours,18.3,Voie verte lisse,273.38,1.83,4.58,9.15,2151.23,5383.95,10756.14
Voie Verte du Pays de Valois,https://www.af3v.org/les-voies-vertes/voies/525-voie-verte-du-pays-de-valois,18.5,Voie verte lisse,271.25,1.85,4.62,9.25,2157.79,5388.65,10788.97
"EV8 / V80 - EV8 La Méditerranée à vélo, de Narbonne à Mirepeisset",https://www.af3v.org/les-voies-vertes/voies/542-ev8-la-mediterranee-a-velo-de-narbonne-a-mirepeisset,18.6,Voie verte lisse,240.23,1.86,4.65,9.3,1921.36,4803.4,9606.8
Piste verte en Sumène-Artense,https://www.af3v.org/les-voies-vertes/voies/34-piste-verte-en-sumene-artense,18.7,Voie verte lisse,250.89,1.87,4.68,9.35,2017.41,5048.91,10087.03
"Piste de la Largue, de Dannemarie à Pfetterhouse",https://www.af3v.org/les-voies-vertes/voies/120-piste-de-la-largue-de-dannemarie-a-pfetterhouse,18.8,Voie verte lisse,249.96,1.88,4.7,9.4,2020.68,5051.69,10103.38
Voie Verte des Gaves,https://www.af3v.org/les-voies-vertes/voies/1-voie-verte-des-gaves,19.1,Voie verte lisse,269.73,1.91,4.78,9.55,2215.29,5544.03,11076.46
"V16 - Avenue Verte London-Paris / Voie Verte de la Vallée de l'Epte, de Gisors à Bray-et-Lû",https://www.af3v.org/les-voies-vertes/voies/236-v16-avenue-verte-london-paris-voie-verte-de-la-vallee-de-l-epte-de-gisors-a-bray-et-lu,19.2,Voie verte lisse,268.81,1.92,4.8,9.6,2219.3,5548.24,11096.48
EV6 - Véloroute des Fleuves / Voie Verte de Diou à Digoin,https://www.af3v.org/les-voies-vertes/voies/311-ev6-veloroute-des-fleuves-voie-verte-de-diou-a-digoin,19.3,Voie verte lisse,247.23,1.93,4.82,9.65,2051.76,5124.09,10258.81
"V32 - Véloroute du Nord / Voie Verte de la Lys, de Dêulémont à Halluin",https://www.af3v.org/les-voies-vertes/voies/3-veloroute-du-nord-voie-verte-de-la-lys-de-deulemont-a-halluin,19.4,Voie verte lisse,266.69,1.94,4.85,9.7,2224.73,5561.82,11123.64
"V50 - La Voie Bleue, Moselle-Saône à vélo, de Pompey à Laneuveville-devant-Nancy / Voie Verte Boucle de la Moselle - secteur Est",https://www.af3v.org/les-voies-vertes/voies/13-v50-la-voie-bleue-moselle-saone-a-velo-de-pompey-a-laneuveville-devant-nancy-voie-verte-boucle-de-la-moselle-secteur-est,19.6,Voie verte lisse,257.57,1.96,4.9,9.8,2170.8,5427.0,10854.0
Voie Verte de la vallée de la Doller,https://www.af3v.org/les-voies-vertes/voies/239-voie-verte-de-la-vallee-de-la-doller,19.7,Voie verte lisse,252.71,1.97,4.92,9.85,2140.71,5346.33,10703.53
EV3 - Scandibérique / Trans'Oise de Lacroix-St-Ouen à Pont-Ste-Maxence,https://www.af3v.org/les-voies-vertes/voies/416-ev3-scandiberique-trans-oise-de-lacroix-st-ouen-a-pont-ste-maxence,19.8,Voie verte lisse,270.63,1.98,4.95,9.9,2304.14,5760.36,11520.72
"V45 - La Littorale, de Vannes à St-Armel",https://www.af3v.org/les-voies-vertes/voies/882-v45-la-littorale-de-vannes-a-st-armel,19.9,Voie verte lisse,262.75,1.99,4.97,9.95,2248.35,5615.23,11241.76
"EV1 - La Vélodyssée, de Biganos à La Teste-de-Buch",https://www.af3v.org/les-voies-vertes/voies/655-ev1-la-velodyssee-de-biganos-a-la-teste-de-buch,20.0,Voie verte lisse,273.99,2.0,5.0,10.0,2356.31,5890.78,11781.57
Voie verte Trans-Semoysienne,https://www.af3v.org/les-voies-vertes/voies/549-voie-verte-trans-semoysienne,20.3,Voie verte lisse,266.7,2.03,5.08,10.15,2328.02,5825.79,11640.12
"V833 - Axe Littoral, de Mandirac à Saint-Pierre-la-Mer",https://www.af3v.org/les-voies-vertes/voies/243-axe-littoral-de-mandirac-a-saint-pierre-la-mer,20.4,Voie verte lisse,245.7,2.04,5.1,10.2,2155.28,5388.2,10776.4
Voie Verte départementale Dainville - Saulty (Véloroute de la Mémoire),https://www.af3v.org/les-voies-vertes/voies/353-voie-verte-departementale-dainville-saulty-veloroute-de-la-memoire,20.5,Voie verte lisse,267.62,2.05,5.12,10.25,2359.07,5891.92,11795.35
"EV5 - Via Romea Francigena, de Béthune à Parc d'Olhain (Maisnil-lès-Ruitz)",https://www.af3v.org/les-voies-vertes/voies/691-ev5-via-romea-francigena-de-bethune-a-parc-d-olhain-maisnil-les-ruitz,20.6,Voie verte lisse,265.8,2.06,5.15,10.3,2354.46,5886.14,11772.28
Voie Verte Le Chemin du train,https://www.af3v.org/les-voies-vertes/voies/87-voie-verte-le-chemin-du-train,20.7,Voie verte lisse,255.45,2.07,5.18,10.35,2273.76,5689.89,11368.8
"EV5 - Via Romea Francigena / Voie Verte du Canal de la Sarre, de Sarralbe à Mittersheim",https://www.af3v.org/les-voies-vertes/voies/699-ev5-via-romea-francigena-voie-verte-du-canal-de-la-sarre-de-sarralbe-a-mittersheim,20.7,Voie verte lisse,259.1,2.07,5.18,10.35,2306.25,5771.19,11531.25
Itinéraire du Chemin des Romains,https://www.af3v.org/les-voies-vertes/voies/983-itineraire-du-chemin-des-romains,20.8,Voie verte lisse,257.87,2.08,5.2,10.4,2306.39,5765.97,11531.95
Voie douce de la Payre,https://www.af3v.org/les-voies-vertes/voies/417-voie-douce-de-la-payre,21.3,Voie verte lisse,255.45,2.13,5.32,10.65,2339.67,5843.67,11698.33
Liaison intercommunale Molsheim - Altdorf - Duppigheim- Entzheil - Lingolsheim - Strasbourg,https://www.af3v.org/les-voies-vertes/voies/943-liaison-intercommunale-molsheim-altdorf-duppigheim-entzheil-lingolsheim-strasbourg,21.3,Voie verte lisse,252.09,2.13,5.32,10.65,2308.89,5766.81,11544.46
"V50 - La Voie Bleue, Moselle-Saône à vélo, de Pont-à-Mousson à Pompey (Nancy)",https://www.af3v.org/les-voies-vertes/voies/825-v50-la-voie-bleue-moselle-saone-a-velo-de-pont-a-mousson-a-pompey-nancy,21.5,Voie verte lisse,259.4,2.15,5.38,10.75,2398.15,6000.96,11990.76
Voie Verte Itinéraire Airbus A380 en Haute-Garonne,https://www.af3v.org/les-voies-vertes/voies/80-voie-verte-itineraire-airbus-a380-en-haute-garonne,21.5,Voie verte lisse,243.28,2.15,5.38,10.75,2249.12,5628.04,11245.62
"V16a - Avenue Verte London - Paris, de Therdonne à Clermont",https://www.af3v.org/les-voies-vertes/voies/410-v16a-avenue-verte-london-paris-de-therdonne-a-clermont,21.6,Voie verte lisse,269.42,2.16,5.4,10.8,2502.37,6255.93,12511.86
La Vigne à Vélo,https://www.af3v.org/les-voies-vertes/voies/113-la-vigne-a-velo,22.1,Voie verte lisse,241.15,2.21,5.52,11.05,2291.65,5723.94,11458.24
"EV5 - Via Romea Francigena / Voie Verte du canal de la Sarre, de Sarreguemines à Sarralbe",https://www.af3v.org/les-voies-vertes/voies/195-ev5-via-romea-francigena-voie-verte-du-canal-de-la-sarre-de-sarreguemines-a-sarralbe,22.2,Voie verte lisse,256.65,2.22,5.55,11.1,2449.98,6124.95,12249.9
"V51a - Voie Verte de Bourgogne du sud, de St-Gengoux-le-National à Cluny",https://www.af3v.org/les-voies-vertes/voies/742-v51a-voie-verte-de-bourgogne-du-sud-de-st-gengoux-le-national-a-cluny,22.3,Voie verte lisse,254.83,2.23,5.58,11.15,2443.56,6114.39,12217.82
"EV15 - Véloroute du Rhin, de Seltz à Drusenheim",https://www.af3v.org/les-voies-vertes/voies/714-ev15-veloroute-du-rhin-de-seltz-a-drusenheim,22.3,Voie verte lisse,267.01,2.23,5.58,11.15,2560.36,6406.64,12801.79
"V52 - Paris - Strasbourg, de Nancy à Einville-au-Jard / Voie verte du canal de la Marne au Rhin",https://www.af3v.org/les-voies-vertes/voies/839-v52-paris-strasbourg-de-nancy-a-einville-au-jard-voie-verte-du-canal-de-la-marne-au-rhin,22.4,Voie verte lisse,260.32,2.24,5.6,11.2,2507.4,6268.51,12537.01
Avenue Verte de Tarentaise,https://www.af3v.org/les-voies-vertes/voies/153-avenue-verte-de-tarentaise,22.4,Voie verte lisse,246.32,2.24,5.6,11.2,2372.55,5931.39,11862.77
Voie Verte Lacanau - Arès,https://www.af3v.org/les-voies-vertes/voies/177-voie-verte-lacanau-ares,22.5,Voie verte lisse,275.2,2.25,5.62,11.25,2662.56,6650.48,13312.8
"EV5 / V52 - Via Romea Francigena : Paris - Strasbourg / Voie Verte du canal de la Marne au Rhin, de Saverne à Waltenheim-sur-Zorn",https://www.af3v.org/les-voies-vertes/voies/48-ev5-via-romea-francigena-v52-paris-strasbourg-voie-verte-du-canal-de-la-marne-au-rhin-de-saverne-a-waltenheim-sur-zorn,22.5,Voie verte lisse,250.88,2.25,5.62,11.25,2427.26,6062.77,12136.32
"EV1 - La Vélodyssée, de Lège-Cap-Ferret à Biganos",https://www.af3v.org/les-voies-vertes/voies/654-ev1-la-velodyssee-de-lege-cap-ferret-a-biganos,22.8,Voie verte lisse,274.9,2.28,5.7,11.4,2695.12,6737.8,13475.6
"EV5-V32 - Via Romea Francigena / Véloroute Lille - Paris, de Lens à Don",https://www.af3v.org/les-voies-vertes/voies/694-via-romea-francigena-veloroute-lille-paris-de-lens-a-don,23.0,Voie verte lisse,267.01,2.3,5.75,11.5,2640.73,6601.82,13203.64
"V43 - La Vélo Francette / Voie verte de la Suisse normande, de Thury-Harcourt à Pont-d'Ouilly",https://www.af3v.org/les-voies-vertes/voies/806-v43-la-velo-francette-voie-verte-de-la-suisse-normande-de-thury-harcourt-a-pont-d-ouilly,23.2,Voie verte lisse,272.78,2.32,5.8,11.6,2721.25,6803.13,13606.27
"V16 - Avenue Verte London-Paris, Voie Verte du Pays de Bray, de Forges-les-Eaux à Mesnières en Bray",https://www.af3v.org/les-voies-vertes/voies/32-avenue-verte-london-paris-voie-verte-du-pays-de-bray-de-forges-les-eaux-a-mesnieres-en-bray,23.2,Voie verte lisse,267.6,2.32,5.8,11.6,2669.58,6673.94,13347.89
V91 - Promenade Périgord - Quercy,https://www.af3v.org/les-voies-vertes/voies/112-promenade-perigord-quercy,23.3,Voie verte lisse,275.19,2.33,5.82,11.65,2757.13,6886.9,13785.64
"EV19 - La Meuse à vélo / Voie Verte Trans-Ardennes, de Monthermé à Charleville-Mézières",https://www.af3v.org/les-voies-vertes/voies/720-ev19-la-meuse-a-velo-voie-verte-trans-ardennes-de-montherme-a-charleville-mezieres,23.3,Voie verte lisse,267.0,2.33,5.82,11.65,2675.07,6681.94,13375.36
V 3003 - Voie verte du Pont-du-Gard,https://www.af3v.org/les-voies-vertes/voies/451-voie-verte-du-pont-du-gard,23.3,Voie verte lisse,253.32,2.33,5.82,11.65,2538.01,6339.59,12690.07
"EV5 - Via Romea Francigena, de Calais à Ardres",https://www.af3v.org/les-voies-vertes/voies/690-ev5-via-romea-francigena-de-calais-a-ardres,23.5,Voie verte lisse,264.55,2.35,5.88,11.75,2673.28,6688.88,13366.39
La FrancoVéloSuisse,https://www.af3v.org/les-voies-vertes/voies/343-la-francovelosuisse,23.6,Voie verte lisse,252.72,2.36,5.9,11.8,2564.6,6411.51,12823.01
"EV1 - Vélodyssée, de La Trembalde à Royan / Voie Verte de La Tremblade à Saint-Palais-sur-Mer",https://www.af3v.org/les-voies-vertes/voies/1218-velodyssee-de-la-trembalde-a-royan-voie-verte-de-la-tremblade-a-saint-palais-sur-mer,24.2,Voie verte lisse,274.3,2.42,6.05,12.1,2854.37,7135.91,14271.83
Voie Verte de Cuise-la-Motte à Soissons,https://www.af3v.org/les-voies-vertes/voies/371-voie-verte-de-cuise-la-motte-a-soissons,24.2,Voie verte lisse,270.04,2.42,6.05,12.1,2810.04,7025.09,14050.18
Voie Verte Lo Camin de Hé,https://www.af3v.org/les-voies-vertes/voies/327-voie-verte-lo-camin-de-he,24.2,Voie verte lisse,271.56,2.42,6.05,12.1,2825.85,7064.63,14129.27
"V56 - St-Jacques à vélo via Vézelay / Voie Verte des Berges de l'Isle, de Bassillac à Marsac-sur-l'Isle",https://www.af3v.org/les-voies-vertes/voies/129-st-jacques-a-velo-via-vezelay-voie-verte-des-berges-de-l-isle-de-bassillac-a-marsac-sur-l-isle,24.3,Voie verte lisse,274.3,2.43,6.08,12.15,2866.16,7171.3,14330.8
"EV4 - La Vélomaritime, de Honfleur au Havre",https://www.af3v.org/les-voies-vertes/voies/651-ev4-la-velomaritime-de-honfleur-au-havre,24.4,Voie verte lisse,269.73,2.44,6.1,12.2,2830.01,7075.02,14150.04
Voie verte la Traverse,https://www.af3v.org/les-voies-vertes/voies/903-voie-verte-la-traverse,24.6,Voie verte lisse,255.73,2.46,6.15,12.3,2705.11,6762.78,13525.56
"EV4 - La Vélomaritime, de Courseulles-sur-Mer à Bénouville",https://www.af3v.org/les-voies-vertes/voies/649-ev4-la-velomaritime-de-courseulles-sur-mer-a-benouville,24.7,Voie verte lisse,272.48,2.47,6.18,12.35,2894.01,7240.88,14470.05
"EV15 - Voie Verte du canal du Rhône au Rhin, de Friesenheim à Artzenheim",https://www.af3v.org/les-voies-vertes/voies/715-ev15-voie-verte-du-canal-du-rhone-au-rhin-de-friesenheim-a-artzenheim,24.7,Voie verte lisse,251.19,2.47,6.18,12.35,2667.89,6675.12,13339.44
"EV3 - Scandibérique / Tour Charente, de Châteauneuf-sur-Charente à Reignac",https://www.af3v.org/les-voies-vertes/voies/667-ev3-scandiberique-tour-charente-de-chateauneuf-sur-charente-a-reignac,25.2,Voie verte lisse,273.68,2.52,6.3,12.6,2965.6,7413.99,14827.98
So vélo Marmande-Casteljaloux,https://www.af3v.org/les-voies-vertes/voies/1096-so-velo-marmande-casteljaloux,25.3,Voie verte lisse,273.07,2.53,6.32,12.65,2970.73,7420.95,14853.64
"V16a - Avenue Verte London - Paris, de St-Germer-de-Fly à Beauvais",https://www.af3v.org/les-voies-vertes/voies/411-v16a-avenue-verte-london-paris-de-st-germer-de-fly-a-beauvais,25.4,Voie verte lisse,269.73,2.54,6.35,12.7,2945.99,7364.98,14729.96
"V34 - V34 : Véloroute du Canal des Ardennes / Voie verte Sud-Ardennes, de Rethel à Semuy",https://www.af3v.org/les-voies-vertes/voies/1167-v34-veloroute-du-canal-des-ardennes-voie-verte-sud-ardennes-de-rethel-a-semuy,25.5,Voie verte lisse,267.31,2.55,6.38,12.75,2931.05,7333.38,14655.27
"Piste des bords de la Seine et de la Marne, de Charenton à Noisiel",https://www.af3v.org/les-voies-vertes/voies/78-piste-des-bords-de-la-seine-et-de-la-marne-de-charenton-a-noisiel,25.5,Voie verte lisse,272.47,2.55,6.38,12.75,2987.63,7474.94,14938.17
Voie verte de la Vallée de la Vie,https://www.af3v.org/les-voies-vertes/voies/1010-voie-verte-de-la-vallee-de-la-vie,25.6,Voie verte lisse,269.43,2.56,6.4,12.8,2965.89,7414.71,14829.43
"EV15 - Véloroute du Rhin, de Neuf-Brisach à Bantzenheim",https://www.af3v.org/les-voies-vertes/voies/717-ev15-veloroute-du-rhin-de-neuf-brisach-a-bantzenheim,25.7,Voie verte lisse,248.75,2.57,6.42,12.85,2748.94,6866.99,13744.68
EV6 - de l'Atlantique à la Mer Noire / V51,https://www.af3v.org/les-voies-vertes/voies/586-ev6-de-l-atlantique-a-la-mer-noire-v51-tour-de-bourgogne-de-montchanin-a-santenay,26.0,Voie verte lisse,249.36,2.6,6.5,13.0,2787.84,6969.61,13939.22
"EV3 / V41 - EV3 : la Scandibérique / V41 : St-Jacques à vélo via Chartres, de La Brède à Hostens",https://www.af3v.org/les-voies-vertes/voies/368-ev3-la-scandiberique-v41-st-jacques-a-velo-via-chartres-de-la-brede-a-hostens,26.0,Voie verte lisse,274.28,2.6,6.5,13.0,3066.45,7666.13,15332.25
V56 - de Castillon-de-Castets à Le Nizan-Gare,https://www.af3v.org/les-voies-vertes/voies/755-v56-de-castillon-de-castets-a-le-nizan-gare,26.2,Voie verte lisse,274.28,2.62,6.55,13.1,3090.04,7725.1,15450.19
"V50 - La Voie Bleue, Moselle-Saône à vélo, de Charmes à Epinal",https://www.af3v.org/les-voies-vertes/voies/827-la-voie-bleue-moselle-saone-a-velo-de-charmes-a-epinal,26.2,Voie verte lisse,260.3,2.62,6.55,13.1,2932.54,7331.35,14662.7
"IC33 - Véloroute de la vallée de la Bruche, de Schirmeck à Molsheim",https://www.af3v.org/les-voies-vertes/voies/774-ic-33-veloroute-de-la-vallee-de-la-bruche-de-schirmeck-a-molsheim,26.2,Voie verte lisse,253.62,2.62,6.55,13.1,2857.28,7143.21,14286.41
"EV17 - ViaRhôna, de Caderousse à Avignon",https://www.af3v.org/les-voies-vertes/voies/540-viarhona-de-caderousse-a-avignon,26.4,Voie verte lisse,259.4,2.64,6.6,13.2,2944.71,7361.77,14723.54
"EV5 - Via Romea Francigena / Voie Verte du canal de la Bruche, de Strasbourg à Molsheim",https://www.af3v.org/les-voies-vertes/voies/51-ev5-via-romea-francigena-voie-verte-du-canal-de-la-bruche-de-strasbourg-a-molsheim,26.5,Voie verte lisse,253.0,2.65,6.62,13.25,2882.94,7201.9,14414.68
"EV19 - La Meuse à vélo, de Charleville-Mézières à Sedan",https://www.af3v.org/les-voies-vertes/voies/516-ev19-la-meuse-a-velo-de-charleville-mezieres-a-sedan,26.9,Voie verte lisse,267.0,2.69,6.72,13.45,3088.39,7715.23,15441.94
"Le Canal des 2 mers à vélo (V80), en Haute-Garonne de Saint-Rustice à Toulouse",https://www.af3v.org/les-voies-vertes/voies/5-le-canal-des-2-mers-a-velo-v80-en-haute-garonne-de-saint-rustice-a-toulouse,27.0,Voie verte lisse,244.18,2.7,6.75,13.5,2834.93,7087.32,14174.65
"V56-V91 - St-Jacques à vélo, de Mouleydier à Pont-de-la-Beauze",https://www.af3v.org/les-voies-vertes/voies/1196-st-jacques-a-velo-de-mouleydier-a-pont-de-la-beauze,27.2,Voie verte lisse,274.29,2.72,6.8,13.6,3208.1,8020.24,16040.48
"EV5 / V52 - Voie Verte du canal de la Marne au Rhin, de Waltenheim-sur-Zorn à Strasbourg",https://www.af3v.org/les-voies-vertes/voies/696-ev5-v52-voie-verte-du-canal-de-la-marne-au-rhin-de-waltenheim-sur-zorn-a-strasbourg,27.2,Voie verte lisse,253.32,2.72,6.8,13.6,2962.83,7407.08,14814.15
"Voie Verte de la vallée de la Baïse (V82), en Lot-et-Garonne",https://www.af3v.org/les-voies-vertes/voies/1291-voie-verte-de-la-vallee-de-la-baise-v82-en-lot-et-garonne,27.2,Voie verte lisse,272.47,2.72,6.8,13.6,3186.81,7967.02,15934.05
"V43 - La Vélo Francette / Voie verte de la Suisse normande, de Caen à Thury-Harcourt",https://www.af3v.org/les-voies-vertes/voies/383-v43-la-velo-francette-voie-verte-de-la-suisse-normande-de-caen-a-thury-harcourt,27.3,Voie verte lisse,272.17,2.73,6.82,13.65,3195.0,7981.66,15975.02
"Pistes de la forêt de Compiègne, de Compiègne à Pierrefonds",https://www.af3v.org/les-voies-vertes/voies/215-pistes-de-la-foret-de-compiegne-de-compiegne-a-pierrefonds,27.5,Voie verte lisse,270.33,2.75,6.88,13.75,3196.65,7997.44,15983.26
"V52 - Paris - Strasbourg, de Toul à Méréville / Voie verte du canal de la Marne au Rhin",https://www.af3v.org/les-voies-vertes/voies/840-v52-paris-strasbourg-de-toul-a-mereville-voie-verte-du-canal-de-la-marne-au-rhin,27.8,Voie verte lisse,256.97,2.78,6.95,13.9,3071.82,7679.55,15359.1
"EV3 / V48 - Scandibérique / La Méridienne à vélo, de Châlette-sur-Loing à Châtillon-Coligny",https://www.af3v.org/les-voies-vertes/voies/674-scandiberique-la-meridienne-a-velo-de-chalette-sur-loing-a-chatillon-coligny,27.8,Voie verte lisse,275.51,2.78,6.95,13.9,3293.45,8233.62,16467.23
"EV6 - de l'Atlantique à la Mer Noire / V51a : Tour de Bourgogne du sud, de Santenay à Chalon-sur-Saône",https://www.af3v.org/les-voies-vertes/voies/189-ev6-de-l-atlantique-a-la-mer-noire-v51a-tour-de-bourgogne-du-sud-de-santenay-a-chalon-sur-saone,27.9,Voie verte lisse,251.79,2.79,6.98,13.95,3020.72,7557.23,15103.62
La Voie Bressane / Louhans - Lons-le-Saunier,https://www.af3v.org/les-voies-vertes/voies/495-la-voie-bressane-louhans-lons-le-saunier,28.0,Voie verte lisse,256.37,2.8,7.0,14.0,3086.69,7716.74,15433.47
"EV17 - Via Rhôna, de Jons à Lyon",https://www.af3v.org/les-voies-vertes/voies/213-ev17-via-rhona-de-jons-a-lyon,28.1,Voie verte lisse,255.43,2.81,7.02,14.05,3086.36,7710.41,15431.8
De Marseillan-Plage à Balaruc-le-Vieux - Partie nord du tour de l'étang de Thau,https://www.af3v.org/les-voies-vertes/voies/341-de-marseillan-plage-a-balaruc-le-vieux-partie-nord-du-tour-de-l-etang-de-thau,28.2,Voie verte lisse,248.15,2.82,7.05,14.1,3009.07,7522.67,15045.33
V65 - de Port-Grimaud à Fréjus / Parcours cyclable du littoral,https://www.af3v.org/les-voies-vertes/voies/538-v65-de-port-grimaud-a-frejus-parcours-cyclable-du-littoral,28.5,Voie verte lisse,236.58,2.85,7.12,14.25,2899.29,7243.13,14496.44
"EV3 / V52 - Scandibérique, de Claye-Souilly à Paris / Paris - Strasbourg / Voie Verte du Canal de l'Ourcq",https://www.af3v.org/les-voies-vertes/voies/11-ev3-scandiberique-de-claye-souilly-a-paris-v-52-paris-strasbourg-voie-verte-du-canal-de-l-ourcq,28.6,Voie verte lisse,271.56,2.86,7.15,14.3,3339.64,8349.11,16698.22
Véloroute du Pays de Bitche,https://www.af3v.org/les-voies-vertes/voies/911-veloroute-du-pays-de-bitche,28.7,Voie verte lisse,257.26,2.87,7.18,14.35,3174.85,7942.65,15874.23
Voie Verte de la forêt de la Hardt,https://www.af3v.org/les-voies-vertes/voies/123-voie-verte-de-la-foret-de-la-hardt,28.9,Voie verte lisse,248.45,2.89,7.22,14.45,3087.49,7713.38,15437.44
"Voie Verte du Canal du Midi à Montségur, tronçon Moulin-Neuf à Bram",https://www.af3v.org/les-voies-vertes/voies/1005-voie-verte-du-canal-du-midi-a-montsegur-troncon-moulin-neuf-a-bram,29.5,Voie verte lisse,240.54,2.95,7.38,14.75,3051.25,7633.3,15256.25
"V31 - Véloroute de la Forêt de Mormal, de Denain à Le Quesnoy",https://www.af3v.org/les-voies-vertes/voies/739-veloroute-de-la-foret-de-mormal-de-denain-a-le-quesnoy,29.5,Voie verte lisse,265.16,2.95,7.38,14.75,3363.55,8414.59,16817.77
"EV3 - Scandibérique / Voie Verte du canal du Loing, de Nemours à Châlette-sur-Loing",https://www.af3v.org/les-voies-vertes/voies/486-ev3-scandiberique-voie-verte-du-canal-du-loing-de-nemours-a-chalette-sur-loing,29.6,Voie verte lisse,274.31,2.96,7.4,14.8,3491.42,8728.54,17457.09
"Voie Verte le Chemin vert, liaison entre voie Bleue (V50) et vallée du Doubs (EV6)",https://www.af3v.org/les-voies-vertes/voies/124-voie-verte-le-chemin-vert-liaison-entre-voie-bleue-v50-et-vallee-du-doubs-ev6,29.7,Voie verte lisse,257.27,2.97,7.42,14.85,3285.6,8208.46,16427.98
"EV6 - La Loire à Vélo, de La Charité-sur-Loire à Cuffy (pont de Guétin)",https://www.af3v.org/les-voies-vertes/voies/214-ev6-la-loire-a-velo-de-la-charite-sur-loire-a-cuffy-pont-de-guetin,29.8,Voie verte lisse,281.3,2.98,7.45,14.9,3604.58,9011.45,18022.89
"EV15 - Voie Verte du canal du Rhône au Rhin, de Strasbourg à Friesenheim",https://www.af3v.org/les-voies-vertes/voies/61-ev15-voie-verte-du-canal-du-rhone-au-rhin-de-strasbourg-a-friesenheim,29.9,Voie verte lisse,253.31,2.99,7.48,14.95,3256.81,8147.46,16284.03
"V50 - La Voie Bleue, Moselle-Saône à vélo / Voie Verte Chemin de la Moselle, de Apach à Thionville",https://www.af3v.org/les-voies-vertes/voies/24-v50-la-voie-bleue-moselle-saone-a-velo-voie-verte-chemin-de-la-moselle-de-apach-a-thionville,30.2,Voie verte lisse,272.76,3.02,7.55,15.1,3542.06,8855.15,17710.31
"EV3 / V41 - EV3 : La Scandibérique / V41 : St-Jacques à vélo via Chartres, de Bordeaux à La Brède",https://www.af3v.org/les-voies-vertes/voies/544-ev3-la-scandiberique-v41-st-jacques-a-velo-via-chartres-de-bordeaux-a-la-brede,30.2,Voie verte lisse,275.21,3.02,7.55,15.1,3573.88,8934.69,17869.39
Véloroute de l'Ill (sud),https://www.af3v.org/les-voies-vertes/voies/789-veloroute-de-l-ill-sud,30.4,Voie verte lisse,248.14,3.04,7.6,15.2,3243.69,8109.22,16218.43
"V830 - La Rétro-Littorale, de Poussan à Montpellier",https://www.af3v.org/les-voies-vertes/voies/574-la-retro-littorale-de-poussan-a-montpellier,30.6,Voie verte lisse,249.96,3.06,7.65,15.3,3288.97,8222.43,16444.87
"EV3 - Scandibérique / EV6 : de l'Atlantique à la Mer Noire / La Loire à vélo, de Amboise à Tours",https://www.af3v.org/les-voies-vertes/voies/146-ev3-scandiberique-ev6-de-l-atlantique-a-la-mer-noire-la-loire-a-velo-de-amboise-a-tours,30.7,Voie verte lisse,273.39,3.07,7.68,15.35,3609.02,9028.43,18045.11
"EV1 - La Vélodyssée, de Royan à Montalivet / Voie Verte du Littoral Atlantique",https://www.af3v.org/les-voies-vertes/voies/652-ev1-la-velodyssee-de-royan-a-montalivet-voie-verte-du-littoral-atlantique,30.8,Voie verte lisse,275.82,3.08,7.7,15.4,3652.96,9132.4,18264.8
"V51a - Voie Verte de Bourgogne du sud en Val Lamartinien, de Cluny à Mâcon",https://www.af3v.org/les-voies-vertes/voies/43-voie-verte-de-bourgogne-du-sud-en-val-lamartinien-de-cluny-a-macon,31.0,Voie verte lisse,254.24,3.1,7.75,15.5,3389.02,8472.55,16945.1
V66 - La Rétro littorale de Sommières à Nîmes / Voie Verte de la Vaunage),https://www.af3v.org/les-voies-vertes/voies/138-la-retro-littorale-de-sommieres-a-nimes-voie-verte-de-la-vaunage,31.1,Voie verte lisse,251.8,3.11,7.78,15.55,3367.32,8423.72,16836.61
"EV1 - Vélodyssée, de Marennes à La Tremblade / Voie verte de Ronce les Bains à La Tremblade",https://www.af3v.org/les-voies-vertes/voies/116-velodyssee-de-marennes-a-la-tremblade-voie-verte-de-ronce-les-bains-a-la-tremblade,31.2,Voie verte lisse,273.69,3.12,7.8,15.6,3671.83,9179.56,18359.13
"V51a - Voie Verte de Bourgogne du sud, de Chalon-sur-Saône à St-Gengoux-le-National",https://www.af3v.org/les-voies-vertes/voies/44-v51a-voie-verte-de-bourgogne-du-sud-de-chalon-sur-saone-a-st-gengoux-le-national,31.3,Voie verte lisse,255.13,3.13,7.82,15.65,3433.79,8579.0,17168.97
"EV19 - La Meuse à vélo / Voie Verte Trans-Ardennes, de Fumay à Monthermé",https://www.af3v.org/les-voies-vertes/voies/719-ev19-la-meuse-a-velo-voie-verte-trans-ardennes-de-fumay-a-montherme,31.4,Voie verte lisse,265.78,3.14,7.85,15.7,3588.56,8971.4,17942.81
"EV3 - La Scandibérique / Voie Verte Coulée d'Oc, de Marthon à Angoulême",https://www.af3v.org/les-voies-vertes/voies/81-ev3-la-scandiberique-voie-verte-coulee-d-oc-de-marthon-a-angouleme,31.4,Voie verte lisse,273.37,3.14,7.85,15.7,3691.04,9227.6,18455.21
"EV19 - La Meuse à vélo / Voie Verte Trans-Ardennes, de Givet à Fumay",https://www.af3v.org/les-voies-vertes/voies/83-ev19-la-meuse-a-velo-voie-verte-trans-ardennes-de-givet-a-fumay,31.5,Voie verte lisse,265.49,3.15,7.88,15.75,3596.06,8995.86,17980.31
Véloroute Molsheim - Saverne,https://www.af3v.org/les-voies-vertes/voies/790-veloroute-molsheim-saverne,31.5,Voie verte lisse,252.71,3.15,7.88,15.75,3422.96,8562.83,17114.78
V111 - Véloroute du vignoble d'Alsace (variante),https://www.af3v.org/les-voies-vertes/voies/704-vv111-veloroute-du-vignoble-d-alsace-variante,31.7,Voie verte lisse,253.02,3.17,7.92,15.85,3448.92,8616.85,17244.58
EV5 / V52 - Via Romea Francigena / V52,https://www.af3v.org/les-voies-vertes/voies/697-via-romea-francigena-v52,31.7,Voie verte lisse,256.36,3.17,7.92,15.85,3494.44,8730.6,17472.22
V861 - Via Venaissia / Voie verte d'Orange à Velleron,https://www.af3v.org/les-voies-vertes/voies/418-via-venaissia-voie-verte-d-orange-a-velleron,31.8,Voie verte lisse,262.45,3.18,7.95,15.9,3588.74,8971.85,17943.71
Voie Verte Boucle de la Moselle tronçon 1,https://www.af3v.org/les-voies-vertes/voies/29-voie-verte-boucle-de-la-moselle-troncon-1,32.3,Voie verte lisse,258.19,3.23,8.07,16.15,3586.0,8959.45,17930.0
"V46 - V46 : Cœur de France à vélo / Canal de Berry, de Vierzon à Bourges",https://www.af3v.org/les-voies-vertes/voies/925-v46-c-ur-de-france-a-velo-canal-de-berry-de-vierzon-a-bourges,32.5,Voie verte lisse,275.82,3.25,8.12,16.25,3854.58,9630.53,19272.92
"V16 - ""V16 : Avenue Verte London-Paris, Voie Verte du Pays de Bray, de Mesnières en Bray à Dieppe""",https://www.af3v.org/les-voies-vertes/voies/1219-v16-avenue-verte-london-paris-voie-verte-du-pays-de-bray-de-mesnieres-en-bray-a-dieppe,32.6,Voie verte lisse,268.21,3.26,8.15,16.3,3759.77,9399.42,18798.84
"V50 - La Voie Bleue, Moselle-Saône à vélo, de Méréville à Charmes",https://www.af3v.org/les-voies-vertes/voies/826-la-voie-bleue-moselle-saone-a-velo-de-mereville-a-charmes,32.7,Voie verte lisse,258.48,3.27,8.18,16.35,3634.49,9091.78,18172.44
"Véloroute Vallée du Tarn-Causses-Sud Cévennes (V85), de Montauban à Saint-Sulpice-la-Pointe / Voie Verte Bressols-Villemur-sur-Tarn-Bessières",https://www.af3v.org/les-voies-vertes/voies/575-veloroute-vallee-du-tarn-causses-sud-cevennes-v85-de-montauban-a-saint-sulpice-la-pointe-voie-verte-bressols-villemur-sur-tarn-bessieres,32.8,Voie verte lisse,244.79,3.28,8.2,16.4,3452.52,8631.3,17262.59
"V70 - La Régordane, de Alès à Quissac",https://www.af3v.org/les-voies-vertes/voies/363-la-regordane-de-ales-a-quissac,33.0,Voie verte lisse,255.44,3.3,8.25,16.5,3624.69,9061.73,18123.47
"V50 - La Voie Bleue, Moselle-Saône à vélo, de Thionville à Metz",https://www.af3v.org/les-voies-vertes/voies/345-v50-la-voie-bleue-moselle-saone-a-velo-de-thionville-a-metz,33.0,Voie verte lisse,272.16,3.3,8.25,16.5,3861.95,9654.88,19309.75
"EV1 - La Vélodyssée, de Parentis-en-Born à Mimizan",https://www.af3v.org/les-voies-vertes/voies/82-ev1-la-velodyssee-de-parentis-en-born-a-mimizan,33.0,Voie verte lisse,272.47,3.3,8.25,16.5,3866.35,9665.87,19331.75
"EV4 - La Vélomaritime, de Le Touquet-Paris-Plage à Boulogne-sur-Mer",https://www.af3v.org/les-voies-vertes/voies/683-ev4-la-velomaritime-de-le-touquet-paris-plage-a-boulogne-sur-mer,33.2,Voie verte lisse,265.17,3.32,8.3,16.6,3785.57,9463.92,18927.83
"Voie Verte du canal de Bourgogne, de Dijon à Saint Jean de Losne",https://www.af3v.org/les-voies-vertes/voies/41-voie-verte-du-canal-de-bourgogne-de-dijon-a-saint-jean-de-losne,33.3,Voie verte lisse,256.37,3.33,8.32,16.65,3670.96,9171.89,18354.81
"V46 - Coeur de France à vélo / Cher à vélo, de Tours à Chenonceaux",https://www.af3v.org/les-voies-vertes/voies/641-v46-coeur-de-france-a-velo-cher-a-velo-de-tours-a-chenonceaux,33.6,Voie verte lisse,273.39,3.36,8.4,16.8,3949.94,9874.85,19749.69
"EV17 - ViaRhôna, de Chanaz à Brégnier-Cordon",https://www.af3v.org/les-voies-vertes/voies/160-ev17-viarhona-de-chanaz-a-bregnier-cordon,33.7,Voie verte lisse,253.03,3.37,8.43,16.85,3666.66,9172.08,18333.29
"V50 - La Voie Bleue, Moselle-Saône à vélo, de Metz à Pont-à-Mousson",https://www.af3v.org/les-voies-vertes/voies/824-v50-la-voie-bleue-moselle-saone-a-velo-de-metz-a-pont-a-mousson,33.7,Voie verte lisse,268.23,3.37,8.43,16.85,3886.92,9723.07,19434.6
"EV4 - La Vélomaritime, de St-Valéry-sur-Somme à Fort-Mahon / Tour de la Baie de Somme",https://www.af3v.org/les-voies-vertes/voies/54-ev4-la-velomaritime-de-st-valery-sur-somme-a-fort-mahon-tour-de-la-baie-de-somme,33.9,Voie verte lisse,267.0,3.39,8.48,16.95,3892.06,9735.89,19460.29
"EV6 - La Loire à Vélo, de Boulleret (Cosne-Cours-sur-Loire) à La Charité-sur-Loire",https://www.af3v.org/les-voies-vertes/voies/626-ev6-la-loire-a-velo-de-boulleret-cosne-cours-sur-loire-a-la-charite-sur-loire,34.0,Voie verte lisse,280.08,3.4,8.5,17.0,4094.77,10236.92,20473.85
"EV3 - Scandibérique / Voie Verte de l'Avesnois, de Maubeuge à Glageon",https://www.af3v.org/les-voies-vertes/voies/111-scandiberique-voie-verte-de-l-avesnois-de-maubeuge-a-glageon,34.0,Voie verte lisse,266.4,3.4,8.5,17.0,3894.77,9736.92,19473.84
"V33 - La Seine à vélo / Voie Verte du canal de la Haute-Seine, de Nogent-sur-Seine à Méry-sur-Seine",https://www.af3v.org/les-voies-vertes/voies/309-la-seine-a-velo-voie-verte-du-canal-de-la-haute-seine-de-nogent-sur-seine-a-mery-sur-seine,34.2,Voie verte lisse,273.1,3.42,8.55,17.1,4016.21,10040.52,20081.04
Promenade des Berges de l'Orne,https://www.af3v.org/les-voies-vertes/voies/222-promenade-des-berges-de-l-orne,34.4,Voie verte lisse,273.99,3.44,8.6,17.2,4052.86,10132.15,20264.3
"EV15 - Véloroute du Rhin, de Drusenheim à Strasbourg",https://www.af3v.org/les-voies-vertes/voies/198-ev15-veloroute-du-rhin-de-drusenheim-a-strasbourg,34.5,Voie verte lisse,259.09,3.45,8.62,17.25,3843.6,9603.43,19218.0
Voie Verte de l'Armagnac,https://www.af3v.org/les-voies-vertes/voies/299-voie-verte-de-l-armagnac,34.6,Voie verte lisse,272.17,3.46,8.65,17.3,4049.35,10123.36,20246.73
"V46 - Cœur de France à vélo / Canal de Berry, de Saint-Amand-Montrond à Magnette (Audes - Reugny)",https://www.af3v.org/les-voies-vertes/voies/429-v46-c-ur-de-france-a-velo-canal-de-berry-de-saint-amand-montrond-a-magnette-audes-reugny,34.7,Voie verte lisse,281.62,3.47,8.68,17.35,4202.05,10511.18,21010.26
D802 - Voie Verte de Mios à Hostens (D802),https://www.af3v.org/les-voies-vertes/voies/17-voie-verte-de-mios-a-hostens-d802,34.9,Voie verte lisse,274.61,3.49,8.72,17.45,4121.07,10296.78,20605.36
"EV8 - La Méditerranée à vélo, de Cannes à Nice / La Littorale",https://www.af3v.org/les-voies-vertes/voies/289-la-mediterranee-a-velo-de-cannes-a-nice-la-littorale,35.5,Voie verte lisse,225.03,3.55,8.88,17.75,3435.08,8592.55,17175.41
"VD3 - St-Malo - Presqu'Île de Rhuys, de Ploërmel à Questembert",https://www.af3v.org/les-voies-vertes/voies/555-v3-bretagne-st-malo-presqu-ile-de-rhuys-de-ploermel-a-questembert,35.5,Voie verte lisse,265.48,3.55,8.88,17.75,4052.55,10137.09,20262.76
"EV6 - Véloroute du Doubs, de Ranchot à Besançon",https://www.af3v.org/les-voies-vertes/voies/591-ev6-veloroute-du-doubs-de-ranchot-a-besancon,35.6,Voie verte lisse,258.19,3.56,8.9,17.8,3952.37,9880.93,19761.86
"Le Canal des deux mers à vélo (V80), de Bordeaux à Daignac",https://www.af3v.org/les-voies-vertes/voies/16-le-canal-des-deux-mers-a-velo-v80-de-bordeaux-a-daignac,35.7,Voie verte lisse,274.6,3.57,8.93,17.85,4215.38,10544.37,21076.92
"EV1 - La Vélodyssée, de Lacanau-Océan à Lège-Cap-Ferret",https://www.af3v.org/les-voies-vertes/voies/20-ev1-la-velodyssee-de-lacanau-ocean-a-lege-cap-ferret,36.1,Voie verte lisse,273.98,3.61,9.02,18.05,4252.99,10626.59,21264.96
"V52 - Paris - Strasbourg, de Einville-au-Jard à Gondrexange / Voie verte du canal de la Marne au Rhin",https://www.af3v.org/les-voies-vertes/voies/838-v52-paris-strasbourg-de-einville-au-jard-a-gondrexange-voie-verte-du-canal-de-la-marne-au-rhin,36.1,Voie verte lisse,257.88,3.61,9.02,18.05,4003.07,10002.13,20015.36
"V64 - Véloroute Trans'Alpes, de Veurey-Voroize à Séchilienne",https://www.af3v.org/les-voies-vertes/voies/157-v64-veloroute-trans-alpes-de-veurey-voroize-a-sechilienne,36.7,Voie verte lisse,253.61,3.67,9.18,18.35,4002.22,10011.0,20011.1
"V50 - La Voie Bleue, Moselle-Saône à vélo, de Fontenoy-le-Château à Jussey (Haute-Saône)",https://www.af3v.org/les-voies-vertes/voies/828-v50-la-voie-bleue-moselle-saone-a-velo-de-fontenoy-le-chateau-a-jussey-haute-saone,37.1,Voie verte lisse,260.61,3.71,9.28,18.55,4157.51,10399.38,20787.56
"V33 - La Seine à vélo / Voie verte de la Seine, de Méry-sur-Seine à Troyes",https://www.af3v.org/les-voies-vertes/voies/453-la-seine-a-velo-voie-verte-de-la-seine-de-mery-sur-seine-a-troyes,37.1,Voie verte lisse,276.11,3.71,9.28,18.55,4404.78,11017.89,22023.91
"EV6 - Véloroute du Doubs, de Samerey à Ranchot",https://www.af3v.org/les-voies-vertes/voies/220-ev6-veloroute-du-doubs-de-samerey-a-ranchot,37.5,Voie verte lisse,256.05,3.75,9.38,18.75,4128.81,10327.52,20644.03
Voie des Salines,https://www.af3v.org/les-voies-vertes/voies/219-voie-des-salines,38.0,Voie verte lisse,257.28,3.8,9.5,19.0,4203.96,10509.89,21019.78
"EV6 - de l'Atlantique à la Mer Noire, de Nevers à Champvert (Decize)",https://www.af3v.org/les-voies-vertes/voies/560-ev6-de-l-atlantique-a-la-mer-noire-de-nevers-a-champvert-decize,38.2,Voie verte lisse,273.4,3.82,9.55,19.1,4490.87,11227.17,22454.34
Pistes de la Forêt de Rambouillet,https://www.af3v.org/les-voies-vertes/voies/233-pistes-de-la-foret-de-rambouillet,38.3,Voie verte lisse,271.87,3.83,9.57,19.15,4477.43,11187.72,22387.14
Voie Verte Hourtin - Lacanau,https://www.af3v.org/les-voies-vertes/voies/398-voie-verte-hourtin-lacanau,38.3,Voie verte lisse,276.13,3.83,9.57,19.15,4547.58,11363.03,22737.92
"EV4 - La Vélomaritime, de Fort-Mahon à Le Touquet-Paris-Plage",https://www.af3v.org/les-voies-vertes/voies/681-ev4-la-velomaritime-de-fort-mahon-a-le-touquet-paris-plage,38.9,Voie verte lisse,266.99,3.89,9.72,19.45,4465.94,11159.11,22329.71
"EV4 - La Vélomaritime, de Le Tréport à St-Valéry-sur-Somme.",https://www.af3v.org/les-voies-vertes/voies/679-ev4-la-velomaritime-de-le-treport-a-st-valery-sur-somme,39.0,Voie verte lisse,267.29,3.9,9.75,19.5,4482.45,11206.13,22412.27
"EV3 / V81 - Véloroute du Piémont Pyrénéen (V81) et La Scandibérique (EV3), de Urt à Escos",https://www.af3v.org/les-voies-vertes/voies/662-veloroute-du-piemont-pyreneen-v81-et-la-scandiberique-ev3-de-urt-a-escos,39.3,Voie verte lisse,271.26,3.93,9.82,19.65,4584.02,11454.22,22920.11
"V34 - V34 : Véloroute du Canal des Ardennes / Voie verte Sud-Ardennes, de Semuy à Dom-le-Mesnil",https://www.af3v.org/les-voies-vertes/voies/1168-v34-veloroute-du-canal-des-ardennes-voie-verte-sud-ardennes-de-semuy-a-dom-le-mesnil,39.7,Voie verte lisse,267.0,3.97,9.93,19.85,4557.96,11400.63,22789.78
"EV8 - La Méditerranée à vélo, de Beaucaire à Cavaillon",https://www.af3v.org/les-voies-vertes/voies/94-la-mediterranee-a-velo-de-beaucaire-a-cavaillon,39.7,Voie verte lisse,261.21,3.97,9.93,19.85,4459.12,11153.41,22295.58
"VD3 - St-Malo - Presqu'Île de Rhuys, de St-Méen-le-Grand à Ploërmel",https://www.af3v.org/les-voies-vertes/voies/554-v3-bretagne-st-malo-presqu-ile-de-rhuys-de-st-meen-le-grand-a-ploermel,40.1,Voie verte lisse,266.09,4.01,10.02,20.05,4588.19,11464.75,22940.95
Voie Verte Le Lude - La Flèche - Baugé,https://www.af3v.org/les-voies-vertes/voies/186-voie-verte-le-lude-la-fleche-bauge,40.7,Voie verte lisse,274.6,4.07,10.18,20.35,4805.77,12020.34,24028.87
"V53 - Entre Champagne et Bourgogne, de Chaumont à Langres",https://www.af3v.org/les-voies-vertes/voies/1094-v53-entre-champagne-et-bourgogne-de-chaumont-a-langres,40.8,Voie verte lisse,253.62,4.08,10.2,20.4,4449.51,11123.77,22247.55
"EV3 - Scandibérique, de Senlis à Claye-Souilly / Trans'Oise,  de Senlis à Ermenonville",https://www.af3v.org/les-voies-vertes/voies/407-ev3-scandiberique-de-senlis-a-claye-souilly-trans-oise-de-senlis-a-ermenonville,41.0,Voie verte lisse,271.26,4.1,10.25,20.5,4782.31,11955.78,23911.57
"EV6 - Véloroute du Doubs, de Besançon à Baume-les-Dames",https://www.af3v.org/les-voies-vertes/voies/218-ev6-veloroute-du-doubs-de-besancon-a-baume-les-dames,41.8,Voie verte lisse,251.5,4.18,10.45,20.9,4520.46,11301.15,22602.3
"EV19 - La Meuse à vélo, de Dun-sur-Meuse à Verdun",https://www.af3v.org/les-voies-vertes/voies/724-ev19-la-meuse-a-velo-de-dun-sur-meuse-a-verdun,42.3,Voie verte lisse,271.56,4.23,10.58,21.15,4939.4,12354.35,24697.02
Voie verte de la Bresse jurassienne,https://www.af3v.org/les-voies-vertes/voies/965-voie-verte-de-la-bresse-jurassienne,42.5,Voie verte lisse,255.74,4.25,10.62,21.25,4673.65,11678.62,23368.24
"Véloroute du Canal d'Aire à La Bassée, de Aire-sur-la-Lys à Billy-Berclau",https://www.af3v.org/les-voies-vertes/voies/1249-veloroute-du-canal-d-aire-a-la-bassee-de-aire-sur-la-lys-a-billy-berclau,43.2,Voie verte lisse,266.1,4.32,10.8,21.6,4943.07,12357.68,24715.37
"V70 - La Régordane, de Sommières à Palavas-les-Flots",https://www.af3v.org/les-voies-vertes/voies/209-la-regordane-de-sommieres-a-palavas-les-flots,43.7,Voie verte lisse,252.1,4.37,10.92,21.85,4737.21,11837.61,23686.06
Voie Verte d'Evreux à la vallée du Bec,https://www.af3v.org/les-voies-vertes/voies/92-voie-verte-d-evreux-a-la-vallee-du-bec,43.9,Voie verte lisse,270.64,4.39,10.98,21.95,5108.87,12778.0,25544.36
V85 - de Le Vigan à Quissac,https://www.af3v.org/les-voies-vertes/voies/348-de-le-vigan-a-quissac,43.9,Voie verte lisse,253.31,4.39,10.98,21.95,4781.73,11959.78,23908.66
"V56 - St-Jacques à vélo / Vélovoie des lacs de la forêt d'Orient, de St-Julien-les-Villas à Dienville",https://www.af3v.org/les-voies-vertes/voies/69-st-jacques-a-velo-velovoie-des-lacs-de-la-foret-d-orient-de-st-julien-les-villas-a-dienville,44.0,Voie verte lisse,278.56,4.4,11.0,22.0,5270.36,13175.89,26351.78
V65 - de  Toulon au Lavandou / Parcours cyclable du littoral,https://www.af3v.org/les-voies-vertes/voies/35-v65-de-toulon-au-lavandou-parcours-cyclable-du-littoral,44.1,Voie verte lisse,244.8,4.41,11.02,22.05,4642.14,11600.09,23210.71
"V52 - Voie verte de la Marne, de Dormans à Condé-sur-Marne",https://www.af3v.org/les-voies-vertes/voies/471-v52-voie-verte-de-la-marne-de-dormans-a-conde-sur-marne,44.6,Voie verte lisse,268.21,4.46,11.15,22.3,5143.73,12859.33,25718.66
"V41 - V41 : St-Jacques à vélo via Chartres / Voie verte de la vallée de l'Eure, de Pacy-sur-Eure à Sainte-Gemme-Moronval",https://www.af3v.org/les-voies-vertes/voies/346-v41-st-jacques-a-velo-via-chartres-voie-verte-de-la-vallee-de-l-eure-de-pacy-sur-eure-a-sainte-gemme-moronval,44.7,Voie verte lisse,270.35,4.47,11.18,22.35,5196.4,12996.81,25981.99
"V34 - V34 : Véloroute du Canal des Ardennes / Voie verte Sud-Ardennes, de Berry-au-Bac à Rethel",https://www.af3v.org/les-voies-vertes/voies/1062-v34-veloroute-du-canal-des-ardennes-voie-verte-sud-ardennes-de-berry-au-bac-a-rethel,44.9,Voie verte lisse,266.09,4.49,11.22,22.45,5137.4,12837.78,25687.0
"V50 - La Voie Bleue, Moselle-Saône à vélo / Voie Verte du canal des Vosges, d'Épinal à Fontenoy-le-Château",https://www.af3v.org/les-voies-vertes/voies/14-v50-la-voie-bleue-moselle-saone-a-velo-voie-verte-du-canal-des-vosges-d-epinal-a-fontenoy-le-chateau,45.9,Voie verte lisse,260.92,4.59,11.48,22.95,5149.78,12880.05,25748.89
Voie verte la Traverse,https://www.af3v.org/les-voies-vertes/voies/1140-voie-verte-la-traverse,46.6,Voie verte lisse,255.75,4.66,11.65,23.3,5124.72,12811.8,25623.59
"EV1 - La Vélodyssée, de Vieux-Boucau à Bayonne",https://www.af3v.org/les-voies-vertes/voies/658-ev1-la-velodyssee-de-vieux-boucau-a-bayonne,46.8,Voie verte lisse,270.34,4.68,11.7,23.4,5440.32,13600.81,27201.61
"V53 - Entre Champagne et Bourgogne, de Joinville à Chaumont",https://www.af3v.org/les-voies-vertes/voies/1093-v53-entre-champagne-et-bourgogne-de-joinville-a-chaumont,47.9,Voie verte lisse,266.38,4.79,11.98,23.95,5486.63,13722.3,27433.14
"V47 - V47 : Le Loir à vélo, de Château-du-Loir à La Flèche",https://www.af3v.org/les-voies-vertes/voies/1158-v47-le-loir-a-velo-de-chateau-du-loir-a-la-fleche,49.8,Voie verte lisse,273.09,4.98,12.45,24.9,5847.95,14619.87,29239.75
"EV6 - de l'Atlantique à la Mer Noire / La Loire à vélo, de Orléans à Sully-sur-Loire",https://www.af3v.org/les-voies-vertes/voies/210-ev6-de-l-atlantique-a-la-mer-noire-la-loire-a-velo-de-orleans-a-sully-sur-loire,50.0,Voie verte lisse,273.98,5.0,12.5,25.0,5890.57,14726.42,29452.85
"EV3 - La Scandibérique / V80 : Canal des deux mers à vélo, de Fontet à Vianne",https://www.af3v.org/les-voies-vertes/voies/188-ev3-la-scandiberique-v80-canal-des-deux-mers-a-velo-de-fontet-a-vianne,50.6,Voie verte lisse,273.07,5.06,12.65,25.3,5941.46,14853.64,29707.29
"EV1 - La Vélodyssée, de Montalivet à Lacanau-Océan",https://www.af3v.org/les-voies-vertes/voies/653-ev1-la-velodyssee-de-montalivet-a-lacanau-ocean,50.7,Voie verte lisse,276.42,5.07,12.68,25.35,6026.23,15071.52,30131.16
"Le Canal des 2 mers à vélo (V80), de  Toulouse à Avignonet-Lauragais",https://www.af3v.org/les-voies-vertes/voies/6-le-canal-des-2-mers-a-velo-v80-de-toulouse-a-avignonet-lauragais,51.2,Voie verte lisse,239.94,5.12,12.8,25.6,5282.52,13206.3,26412.6
"EV1 - La Vélodyssée, de La Teste-de-Buch à Parentis-en-Born",https://www.af3v.org/les-voies-vertes/voies/656-ev1-la-velodyssee-de-la-teste-de-buch-a-parentis-en-born,51.5,Voie verte lisse,272.78,5.15,12.88,25.75,6040.71,15107.65,30203.57
"EV1 - Vélodyssée, de Bayonne à Hendaye / Véloroute du Littoral Atlantique en Pyrénées-Atlantiques",https://www.af3v.org/les-voies-vertes/voies/430-ev1-velodyssee-de-bayonne-a-hendaye-veloroute-du-littoral-atlantique-en-pyrenees-atlantiques,51.7,Voie verte lisse,271.55,5.17,12.92,25.85,6036.83,15086.23,30184.14
"EV4 - La Vélomaritime, de Boulogne-sur-Mer à Calais",https://www.af3v.org/les-voies-vertes/voies/508-la-velomaritime-de-boulogne-sur-mer-a-calais,51.8,Voie verte lisse,264.55,5.18,12.95,25.9,5892.59,14731.47,29462.93
"EV8 / V80 - Méditerranée à vélo : Canal des deux mers à vélo, de Béziers à Sète",https://www.af3v.org/les-voies-vertes/voies/39-ev8-mediterranee-a-velo-v80-canal-des-deux-mers-a-velo-de-beziers-a-sete,52.1,Voie verte lisse,244.49,5.21,13.02,26.05,5477.31,13688.02,27386.55
"EV17a - ViaRhôna, d'Arles à Port-Saint-Louis-du-Rhône",https://www.af3v.org/les-voies-vertes/voies/379-viarhona-d-arles-a-port-saint-louis-du-rhone,52.1,Voie verte lisse,265.79,5.21,13.02,26.05,5954.49,14880.52,29772.47
Véloroute de la vallée de la Sauer (de Lembach à Drusenheim),https://www.af3v.org/les-voies-vertes/voies/786-veloroute-de-la-vallee-de-la-sauer-de-lembach-a-drusenheim,52.7,Voie verte lisse,261.53,5.27,13.18,26.35,5926.53,14821.95,29632.66
Voie Verte des Hautes Vosges,https://www.af3v.org/les-voies-vertes/voies/151-voie-verte-des-hautes-vosges,52.9,Voie verte lisse,255.74,5.29,13.22,26.45,5817.32,14537.8,29086.59
VD3 - Voie Verte de Questembert à Mauron,https://www.af3v.org/les-voies-vertes/voies/73-voie-verte-de-questembert-a-mauron-v3-bretagne,53.2,Voie verte lisse,264.85,5.32,13.3,26.6,6058.71,15146.77,30293.54
"V40b - Véloscénie, de Rambouillet à Massy (par Versailles)",https://www.af3v.org/les-voies-vertes/voies/562-veloscenie-de-rambouillet-a-massy-par-versailles,53.2,Voie verte lisse,272.47,5.32,13.3,26.6,6233.02,15582.56,31165.12
"EV6 - Voie Verte du Canal du Rhône au Rhin, de Montbéliard à Mulhouse",https://www.af3v.org/les-voies-vertes/voies/119-ev6-voie-verte-du-canal-du-rhone-au-rhin-de-montbeliard-a-mulhouse,54.1,Voie verte lisse,250.57,5.41,13.52,27.05,5829.01,14567.14,29145.05
Voie Verte de la vallée de l'Ognon,https://www.af3v.org/les-voies-vertes/voies/624-voie-verte-de-la-vallee-de-l-ognon,54.5,Voie verte lisse,252.11,5.45,13.62,27.25,5908.2,14765.07,29540.99
V473 - Voie Verte de Mimizan-Plage à Sabres,https://www.af3v.org/les-voies-vertes/voies/249-voie-verte-de-mimizan-plage-a-sabres,54.7,Voie verte lisse,273.4,5.47,13.68,27.35,6430.64,16082.48,32153.21
"V71 - La Véloire, de Paray-le-Monial à Roanne",https://www.af3v.org/les-voies-vertes/voies/295-la-veloire-de-paray-le-monial-a-roanne,57.5,Voie verte lisse,249.66,5.75,14.38,28.75,6172.84,15437.48,30864.22
"V51 - Tour de Bourgogne / Canal de Bourgogne, de Pouilly-en-A. à Dijon",https://www.af3v.org/les-voies-vertes/voies/553-v51-tour-de-bourgogne-canal-de-bourgogne-de-pouilly-en-a-a-dijon,58.2,Voie verte lisse,249.35,5.82,14.55,29.1,6240.23,15600.58,31201.17
"V63 - Vallée de l'Isère, de Grenoble à St-Marcellin",https://www.af3v.org/les-voies-vertes/voies/161-v63-vallee-de-l-isere-de-grenoble-a-st-marcellin,58.4,Voie verte lisse,253.94,5.84,14.6,29.2,6376.94,15942.35,31884.71
"V51 - Tour de Bourgogne / Canal de Bourgogne, de Tonnerre à Montbard",https://www.af3v.org/les-voies-vertes/voies/558-v51-tour-de-bourgogne-canal-de-bourgogne-de-tonnerre-a-montbard,58.7,Voie verte lisse,274.6,5.87,14.68,29.35,6931.18,17333.85,34655.89
"EV4 - La Vélomaritime, de Calais à Dunkerque",https://www.af3v.org/les-voies-vertes/voies/684-la-velomaritime-de-calais-a-dunkerque,59.2,Voie verte lisse,266.39,5.92,14.8,29.6,6781.22,16953.06,33906.12
"EV6 - Voie Verte du canal du Rhône au Rhin, de Baume-les-Dames à Montbéliard",https://www.af3v.org/les-voies-vertes/voies/181-ev6-voie-verte-du-canal-du-rhone-au-rhin-de-baume-les-dames-a-montbeliard,60.0,Voie verte lisse,253.33,6.0,15.0,30.0,6535.91,16339.79,32679.57
"V73 - Via Fluvia, d’Yssingeaux à Bourg-Argental",https://www.af3v.org/les-voies-vertes/voies/196-via-fluvia-d-yssingeaux-a-bourg-argental,60.5,Voie verte lisse,257.89,6.05,15.12,30.25,6709.01,16766.98,33545.04
"EV1 - La Vélodyssée, de Mimizan à Vieux-Boucau",https://www.af3v.org/les-voies-vertes/voies/657-ev1-la-velodyssee-de-mimizan-a-vieux-boucau,60.6,Voie verte lisse,272.16,6.06,15.15,30.3,7091.95,17729.86,35459.73
"EV8 -EV17b - Méditerranée à Vélo / EV17b : ViaRhôna, de Sète à Aigues-Mortes",https://www.af3v.org/les-voies-vertes/voies/375-mediterranee-a-velo-ev17b-viarhona-de-sete-a-aigues-mortes,61.5,Voie verte lisse,253.01,6.15,15.38,30.75,6690.85,16732.56,33454.25
"EV17 - ViaRhôna, de Brégnier-Cordon à Lagnieu",https://www.af3v.org/les-voies-vertes/voies/235-ev17-viarhona-de-bregnier-cordon-a-lagnieu,62.6,Voie verte lisse,253.62,6.26,15.65,31.3,6826.94,17067.36,34134.72
"EV17 - ViaRhôna, de Givors à St Vallier",https://www.af3v.org/les-voies-vertes/voies/365-ev17-viarhona-de-givors-a-st-vallier,62.7,Voie verte lisse,252.4,6.27,15.68,31.35,6804.96,17017.82,34024.78
"V51 - Voie verte du Canal du Nivernais, de Clamecy à Auxerre",https://www.af3v.org/les-voies-vertes/voies/45-v51-voie-verte-du-canal-du-nivernais-de-clamecy-a-auxerre,62.9,Voie verte lisse,283.13,6.29,15.72,31.45,7657.82,19138.46,38289.09
"EV17 - ViaRhôna, de Valence à Montélimar",https://www.af3v.org/les-voies-vertes/voies/360-ev17-viarhona-de-valence-a-montelimar,63.4,Voie verte lisse,253.62,6.34,15.85,31.7,6914.19,17285.47,34570.94
"V62 - Combe de Savoie, d'Annecy à Albertville",https://www.af3v.org/les-voies-vertes/voies/154-v62-combe-de-savoie-d-annecy-a-albertville,63.9,Voie verte lisse,249.67,6.39,15.98,31.95,6860.18,17155.82,34300.91
Voie Verte de Bordeaux à Lacanau-Océan,https://www.af3v.org/les-voies-vertes/voies/18-voie-verte-de-bordeaux-a-lacanau-ocean,68.4,Voie verte lisse,275.51,6.84,17.1,34.2,8103.3,20258.25,40516.5
V61 - Véloroute du Léman au Mont-Blanc : de Genève à Sallanches,https://www.af3v.org/les-voies-vertes/voies/356-v61-veloroute-du-leman-au-mont-blanc-de-geneve-a-sallanches,68.9,Voie verte lisse,249.07,6.89,17.23,34.45,7379.2,18453.35,36895.98
"Le Canal des deux mers à vélo (V80), en Tarn-et-Garonne de Lamagistère à Pompignan",https://www.af3v.org/les-voies-vertes/voies/197-le-canal-des-deux-mers-a-velo-v80-en-tarn-et-garonne-de-lamagistere-a-pompignan,72.4,Voie verte lisse,265.47,7.24,18.1,36.2,8264.61,20661.53,41323.06
Véloroute Tour du Bassin d’Arcachon (EV1 Vélodyssée),https://www.af3v.org/les-voies-vertes/voies/68-veloroute-tour-du-bassin-d-arcachon-ev1-velodyssee,72.5,Voie verte lisse,274.59,7.25,18.12,36.25,8560.34,21394.95,42801.72
Véloroute du Lin,https://www.af3v.org/les-voies-vertes/voies/522-veloroute-du-lin,73.6,Voie verte lisse,270.66,7.36,18.4,36.8,8565.85,21414.62,42829.24
Piste des forts,https://www.af3v.org/les-voies-vertes/voies/752-piste-des-forts,85.7,Voie verte lisse,254.83,8.57,21.42,42.85,9390.74,23471.37,46953.7
